instance_id,flow_mean,flow_p95,queue_mean,queue_p95,makespan,weighted_tardiness,runtime_sec,replan_count,solver_status,method_name,scale_code,regime_code,replicate,mip_gap,exact_job_count,fifo_flow_mean,fifo_flow_p95,fifo_makespan,delta_vs_fifo_mean_flow_pct,delta_vs_fifo_p95_flow_pct,delta_vs_fifo_makespan_pct,family_id,protocol_role,protocol_fold,flow_p95_norm,flow_mean_norm,makespan_norm,weighted_tardiness_norm,runtime_sec_norm,utility,regret,best_method,best_utility,difficulty,footprint_member
GO_L_BALANCED_01,52.986111111111114,68.45,4.597222222222222,17.900000000000006,670.0,0.0,0.0,1,official_release,M0_FIFO_OFFICIAL,L,balanced,1,,,52.986111111111114,68.45,670.0,0.0,0.0,0.0,L__balanced,calibration,R01,0.0,0.0,0.0,0.0,0.0,0.0,0.0,M0_FIFO_OFFICIAL,0.0,easy,True
GO_L_BALANCED_01,378.4583333333333,775.1500000000001,329.625,727.6000000000001,961.0,9903.75,0.1296773750000284,1,heuristic_feasible,M1_WEIGHTED_SLACK,L,balanced,1,,,52.986111111111114,68.45,670.0,6.142595019659239,10.324324324324325,0.4343283582089552,L__balanced,calibration,R01,1.0,1.0,1.0,1.0,0.01944842947352188,0.950972421473676,0.950972421473676,M0_FIFO_OFFICIAL,0.0,easy,False
GO_L_BALANCED_01,175.36111111111111,243.9,7.861111111111111,20.35000000000001,788.0,0.0,3.6145934970008966,53,heuristic_online_replay,M2_PERIODIC_15,L,balanced,1,,,52.986111111111114,68.45,670.0,2.30956749672346,2.5631848064280494,0.1761194029850746,L__balanced,calibration,R01,0.24826659119852834,0.3759921481607921,0.4054982817869416,0.0,0.5421004759068987,0.2936477691429219,0.2936477691429219,M0_FIFO_OFFICIAL,0.0,easy,False
GO_L_BALANCED_01,194.13888888888889,281.6,14.38888888888889,38.45,815.0,0.0,1.9274861209996743,27,heuristic_online_replay,M2_PERIODIC_30,L,balanced,1,,,52.986111111111114,68.45,670.0,2.6639580602883353,3.1139517896274658,0.21641791044776118,L__balanced,calibration,R01,0.30161313145606344,0.4336860971238372,0.49828178694158076,0.0,0.2890756994845571,0.3333434864516528,0.3333434864516528,M0_FIFO_OFFICIAL,0.0,easy,False
GO_L_BALANCED_01,59.263888888888886,80.0,3.9305555555555554,16.250000000000014,671.0,0.0,6.6677556239992555,107,heuristic_online_replay,M3_EVENT_REACTIVE,L,balanced,1,,,52.986111111111114,68.45,670.0,0.11847968545216239,0.16873630387143895,0.0014925373134328358,L__balanced,calibration,R01,0.016343568699589636,0.019288213706580168,0.003436426116838488,0.0,1.0,0.06269212325898615,0.06269212325898615,M0_FIFO_OFFICIAL,0.0,easy,True
GO_L_BALANCED_01,152.125,275.35,103.51388888888889,227.35000000000002,734.0,98.0,2.5790652579999005,64,metaheuristic_workers_4,M4_METAHEURISTIC_L,L,balanced,1,,,52.986111111111114,68.45,670.0,1.8710353866317166,3.0226442658875095,0.0955223880597015,L__balanced,calibration,R01,0.29276920899957554,0.30460015362294107,0.21993127147766323,0.009895241701375741,0.386796607949618,0.2612152277448122,0.2612152277448122,M0_FIFO_OFFICIAL,0.0,easy,False
GO_L_BALANCED_02,58.69444444444444,87.35000000000001,8.958333333333334,35.45,681.0,0.0,0.0,1,official_release,M0_FIFO_OFFICIAL,L,balanced,2,,,58.69444444444444,87.35000000000001,681.0,0.0,0.0,0.0,L__balanced,test,R02_R03,0.0,0.0,0.0,0.0,0.0,0.0,0.0,M0_FIFO_OFFICIAL,0.0,easy,True
GO_L_BALANCED_02,423.31944444444446,814.0500000000001,372.55555555555554,765.1,1024.0,12735.5,0.1843350039998768,1,heuristic_feasible,M1_WEIGHTED_SLACK,L,balanced,2,,,58.69444444444444,87.35000000000001,681.0,6.212257453857076,8.319404693760733,0.5036710719530103,L__balanced,test,R02_R03,1.0,1.0,1.0,1.0,0.026123153410202448,0.9513061576705101,0.9513061576705101,M0_FIFO_OFFICIAL,0.0,easy,False
GO_L_BALANCED_02,164.94444444444446,220.0,7.611111111111111,20.450000000000003,743.0,0.0,3.578095234999637,50,heuristic_online_replay,M2_PERIODIC_15,L,balanced,2,,,58.69444444444444,87.35000000000001,681.0,1.810222432560341,1.5186033199771032,0.09104258443465492,L__balanced,test,R02_R03,0.18253749827989538,0.2913952691121015,0.18075801749271136,0.0,0.5070720628854213,0.20745799727215608,0.20745799727215608,M0_FIFO_OFFICIAL,0.0,easy,False
GO_L_BALANCED_02,179.31944444444446,244.9,16.73611111111111,38.15000000000002,773.0,0.0,2.090104180000708,26,heuristic_online_replay,M2_PERIODIC_30,L,balanced,2,,,58.69444444444444,87.35000000000001,681.0,2.055134879318505,1.8036634230108757,0.13509544787077826,L__balanced,test,R02_R03,0.2168019815604789,0.3308193349331505,0.26822157434402333,0.0,0.29620045543547646,0.23530898435888045,0.23530898435888045,M0_FIFO_OFFICIAL,0.0,easy,False
GO_L_BALANCED_02,70.08333333333333,123.80000000000001,5.5,15.900000000000006,682.0,0.0,7.056384085999525,110,heuristic_online_replay,M3_EVENT_REACTIVE,L,balanced,2,,,58.69444444444444,87.35000000000001,681.0,0.1940369143398012,0.41728677733257014,0.0014684287812041115,L__balanced,test,R02_R03,0.05015824962157699,0.03123452557802917,0.0029154518950437317,0.0,1.0,0.0808171615084735,0.0808171615084735,M0_FIFO_OFFICIAL,0.0,easy,True
GO_L_BALANCED_02,137.51388888888889,264.45,87.55555555555556,211.45,756.0,73.5,2.7747262829998363,64,metaheuristic_workers_4,M4_METAHEURISTIC_L,L,balanced,2,,,58.69444444444444,87.35000000000001,681.0,1.3428774254614293,2.0274756725815677,0.11013215859030837,L__balanced,test,R02_R03,0.24370441722856742,0.21616577153087266,0.21865889212827988,0.0057712692866397075,0.393222116197605,0.2167454971933597,0.2167454971933597,M0_FIFO_OFFICIAL,0.0,easy,False
GO_L_BALANCED_03,50.44444444444444,57.0,1.4722222222222223,7.900000000000006,655.0,0.0,0.0,1,official_release,M0_FIFO_OFFICIAL,L,balanced,3,,,50.44444444444444,57.0,655.0,0.0,0.0,0.0,L__balanced,test,R02_R03,0.0,0.0,0.0,0.0,0.0,0.0,0.0,M0_FIFO_OFFICIAL,0.0,easy,True
GO_L_BALANCED_03,366.3888888888889,742.15,316.47222222222223,696.6,950.0,8986.5,0.12814067299950693,1,heuristic_feasible,M1_WEIGHTED_SLACK,L,balanced,3,,,50.44444444444444,57.0,655.0,6.263215859030837,12.02017543859649,0.45038167938931295,L__balanced,test,R02_R03,1.0,1.0,1.0,1.0,0.018316696999229297,0.9509158348499614,0.9509158348499614,M0_FIFO_OFFICIAL,0.0,easy,False
GO_L_BALANCED_03,164.88888888888889,229.25,7.361111111111111,22.450000000000003,765.0,0.0,3.621271254000021,51,heuristic_online_replay,M2_PERIODIC_15,L,balanced,3,,,50.44444444444444,57.0,655.0,2.2687224669603525,3.0219298245614037,0.16793893129770993,L__balanced,test,R02_R03,0.2514048018682041,0.36222964656233514,0.3728813559322034,0.0,0.5176321206912401,0.28550338190566815,0.28550338190566815,M0_FIFO_OFFICIAL,0.0,easy,False
GO_L_BALANCED_03,167.125,229.0,14.847222222222221,38.900000000000006,777.0,0.0,1.911191487000906,26,heuristic_online_replay,M2_PERIODIC_30,L,balanced,3,,,50.44444444444444,57.0,655.0,2.3130506607929515,3.017543859649123,0.18625954198473282,L__balanced,test,R02_R03,0.25103991826607314,0.36930719184104094,0.4135593220338983,0.0,0.2731897262240598,0.2809881457962809,0.2809881457962809,M0_FIFO_OFFICIAL,0.0,easy,False
GO_L_BALANCED_03,54.111111111111114,71.35000000000001,2.3472222222222223,9.0,659.0,0.0,6.99583953399997,110,heuristic_online_replay,M3_EVENT_REACTIVE,L,balanced,3,,,50.44444444444444,57.0,655.0,0.07268722466960362,0.25175438596491245,0.0061068702290076335,L__balanced,test,R02_R03,0.020944318762314836,0.011605415860735024,0.013559322033898305,0.0,1.0,0.06436019571331018,0.06436019571331018,M0_FIFO_OFFICIAL,0.0,easy,True
GO_L_BALANCED_03,138.26388888888889,264.9,88.48611111111111,221.0,704.0,0.0,3.159574879000502,63,metaheuristic_workers_4,M4_METAHEURISTIC_L,L,balanced,3,,,50.44444444444444,57.0,655.0,1.7409140969162995,3.647368421052631,0.07480916030534351,L__balanced,test,R02_R03,0.30343720353207326,0.27795850184631615,0.16610169491525423,0.0,0.45163627090714165,0.25353343483365726,0.25353343483365726,M0_FIFO_OFFICIAL,0.0,easy,False
GO_L_DISRUPTED_01,101.03125,148.25,45.895833333333336,95.5,617.0,0.0,0.0,1,official_release,M0_FIFO_OFFICIAL,L,disrupted,1,,,101.03125,148.25,617.0,0.0,0.0,0.0,L__disrupted,calibration,R01,0.0,0.0,0.0,0.0,0.0,0.0,0.0,M0_FIFO_OFFICIAL,0.0,easy,True
GO_L_DISRUPTED_01,551.3958333333334,1028.5,496.6875,973.5,1171.0,27079.75,0.17105907999939518,1,heuristic_feasible,M1_WEIGHTED_SLACK,L,disrupted,1,,,101.03125,148.25,617.0,4.457676049077225,5.937605396290051,0.8978930307941653,L__disrupted,calibration,R01,1.0,1.0,1.0,1.0,0.015509203285789292,0.9507754601642894,0.9507754601642894,M0_FIFO_OFFICIAL,0.0,easy,False
GO_L_DISRUPTED_01,287.8854166666667,409.75,9.427083333333334,22.5,917.0,3364.75,5.838108175999878,61,heuristic_online_replay,M2_PERIODIC_15,L,disrupted,1,,,101.03125,148.25,617.0,1.849469017424477,1.7639123102866778,0.4862236628849271,L__disrupted,calibration,R01,0.2970746946890088,0.41489533942407775,0.5415162454873647,0.12425336275261034,0.5293165759241238,0.35752604936064536,0.35752604936064536,M0_FIFO_OFFICIAL,0.0,easy,False
GO_L_DISRUPTED_01,303.3333333333333,431.75,17.895833333333332,45.0,930.0,4697.25,3.0542275610005163,31,heuristic_online_replay,M2_PERIODIC_30,L,disrupted,1,,,101.03125,148.25,617.0,2.002371378492628,1.912310286677909,0.5072933549432739,L__disrupted,calibration,R01,0.3220675944333996,0.44919625303573485,0.5649819494584838,0.17345987315244787,0.2769138950401517,0.3731684552399885,0.3731684552399885,M0_FIFO_OFFICIAL,0.0,easy,False
GO_L_DISRUPTED_01,171.125,284.0,24.447916666666668,122.25,735.0,12.25,11.029520784999477,125,heuristic_online_replay,M3_EVENT_REACTIVE,L,disrupted,1,,,101.03125,148.25,617.0,0.6937828642128054,0.9156829679595279,0.1912479740680713,L__disrupted,calibration,R01,0.15421755183186595,0.15563779345437723,0.21299638989169675,0.0004523675440135156,1.0,0.19030204192608985,0.19030204192608985,M0_FIFO_OFFICIAL,0.0,easy,False
GO_L_DISRUPTED_01,264.1458333333333,400.25,209.02083333333334,345.25,843.0,3566.25,3.557797011999355,77,metaheuristic_workers_4,M4_METAHEURISTIC_L,L,disrupted,1,,,101.03125,148.25,617.0,1.614496339828848,1.699831365935919,0.36628849270664504,L__disrupted,calibration,R01,0.28628230616302186,0.3621834162137157,0.40794223826714804,0.13169434725209797,0.322570407305282,0.30986218265733484,0.30986218265733484,M0_FIFO_OFFICIAL,0.0,easy,False
GO_L_DISRUPTED_02,93.39583333333333,150.0,42.854166666666664,97.25,591.0,0.0,0.0,1,official_release,M0_FIFO_OFFICIAL,L,disrupted,2,,,93.39583333333333,150.0,591.0,0.0,0.0,0.0,L__disrupted,test,R02_R03,0.0,0.0,0.0,0.0,0.0,0.0,0.0,M0_FIFO_OFFICIAL,0.0,easy,True
GO_L_DISRUPTED_02,552.53125,978.5,501.8645833333333,933.25,1123.0,26949.75,0.17347508399871003,1,heuristic_feasible,M1_WEIGHTED_SLACK,L,disrupted,2,,,93.39583333333333,150.0,591.0,4.916016060673656,5.523333333333333,0.9001692047377327,L__disrupted,test,R02_R03,1.0,1.0,1.0,1.0,0.017037979362348674,0.9508518989681174,0.9508518989681174,M0_FIFO_OFFICIAL,0.0,easy,False
GO_L_DISRUPTED_02,241.59375,349.25,7.96875,21.0,826.0,200.25,5.251410061999195,55,heuristic_online_replay,M2_PERIODIC_15,L,disrupted,2,,,93.39583333333333,150.0,591.0,1.5867722507249613,1.3283333333333334,0.3976311336717428,L__disrupted,test,R02_R03,0.24049487024743513,0.32277605100165624,0.4417293233082707,0.007430495644672028,0.5157709925665047,0.2817077020507929,0.2817077020507929,M0_FIFO_OFFICIAL,0.0,easy,False
GO_L_DISRUPTED_02,248.77083333333334,362.0,17.5,48.0,837.0,447.75,2.844224338999993,28,heuristic_online_replay,M2_PERIODIC_30,L,disrupted,2,,,93.39583333333333,150.0,591.0,1.6636181128708456,1.4133333333333333,0.41624365482233505,L__disrupted,test,R02_R03,0.25588412794206394,0.3384077863738458,0.462406015037594,0.01661425430662622,0.2793475263002728,0.2847395081687056,0.2847395081687056,M0_FIFO_OFFICIAL,0.0,easy,False
GO_L_DISRUPTED_02,126.5,219.0,9.916666666666666,33.0,634.0,0.0,10.181670038999073,119,heuristic_online_replay,M3_EVENT_REACTIVE,L,disrupted,2,,,93.39583333333333,150.0,591.0,0.3544501449921928,0.46,0.0727580372250423,L__disrupted,test,R02_R03,0.08328304164152082,0.07210109580960593,0.08082706766917293,0.0,1.0,0.1176267028414618,0.1176267028414618,M0_FIFO_OFFICIAL,0.0,easy,True
GO_L_DISRUPTED_02,210.08333333333334,335.5,160.10416666666666,285.25,752.0,734.25,3.751183387999845,69,metaheuristic_workers_4,M4_METAHEURISTIC_L,L,disrupted,2,,,93.39583333333333,150.0,591.0,1.2493865714923045,1.2366666666666666,0.272419627749577,L__disrupted,test,R02_R03,0.22389861194930596,0.25414615332259455,0.3026315789473684,0.027245150697130772,0.36842515752637883,0.2308314234959736,0.2308314234959736,M0_FIFO_OFFICIAL,0.0,easy,False
GO_L_DISRUPTED_03,93.70833333333333,141.25,40.53125,91.0,601.0,0.0,0.0,1,official_release,M0_FIFO_OFFICIAL,L,disrupted,3,,,93.70833333333333,141.25,601.0,0.0,0.0,0.0,L__disrupted,test,R02_R03,0.0,0.0,0.0,0.0,0.0,0.0,0.0,M0_FIFO_OFFICIAL,0.0,easy,True
GO_L_DISRUPTED_03,564.4270833333334,949.5,511.6458333333333,891.75,1122.0,29285.25,0.18268906899902504,1,heuristic_feasible,M1_WEIGHTED_SLACK,L,disrupted,3,,,93.70833333333333,141.25,601.0,5.023232547799022,5.72212389380531,0.8668885191347754,L__disrupted,test,R02_R03,1.0,1.0,1.0,1.0,0.017863704899675023,0.9508931852449837,0.9508931852449837,M0_FIFO_OFFICIAL,0.0,easy,False
GO_L_DISRUPTED_03,260.5625,372.25,8.802083333333334,19.75,855.0,1568.25,5.380318399000316,57,heuristic_online_replay,M2_PERIODIC_15,L,disrupted,3,,,93.70833333333333,141.25,601.0,1.7805691418408185,1.6353982300884955,0.4226289517470882,L__disrupted,test,R02_R03,0.2858026600680483,0.3544667950164863,0.4875239923224568,0.053550848976874024,0.5260983630418881,0.32201649768289364,0.32201649768289364,M0_FIFO_OFFICIAL,0.0,easy,False
GO_L_DISRUPTED_03,263.8020833333333,380.25,18.0625,48.0,862.0,1844.5,2.9058097319993976,29,heuristic_online_replay,M2_PERIODIC_30,L,disrupted,3,,,93.70833333333333,141.25,601.0,1.815140062249889,1.6920353982300884,0.43427620632279534,L__disrupted,test,R02_R03,0.2957005876894525,0.36134900086304184,0.5009596928982726,0.06298392535491416,0.28413592466946136,0.3190516573797194,0.3190516573797194,M0_FIFO_OFFICIAL,0.0,easy,False
GO_L_DISRUPTED_03,133.01041666666666,210.5,10.770833333333334,38.0,648.0,0.0,10.226829765999355,120,heuristic_online_replay,M3_EVENT_REACTIVE,L,disrupted,3,,,93.70833333333333,141.25,601.0,0.41940862605602486,0.4902654867256637,0.07820299500831947,L__disrupted,test,R02_R03,0.0856789359727807,0.08349377060789127,0.09021113243761997,0.0,1.0,0.12296063370536714,0.12296063370536714,M0_FIFO_OFFICIAL,0.0,easy,True
GO_L_DISRUPTED_03,264.875,393.75,212.71875,342.5,838.0,3962.0,3.681254312001329,76,metaheuristic_workers_4,M4_METAHEURISTIC_L,L,disrupted,3,,,93.70833333333333,141.25,601.0,1.8265895953757227,1.7876106194690264,0.39434276206322794,L__disrupted,test,R02_R03,0.31240334055057223,0.3636283166257275,0.45489443378119004,0.13528994971871505,0.3599604565864797,0.33124976527256333,0.33124976527256333,M0_FIFO_OFFICIAL,0.0,easy,False
GO_L_PEAK_01,94.60416666666667,163.5,42.572916666666664,108.5,643.0,0.0,0.0,1,official_release,M0_FIFO_OFFICIAL,L,peak,1,,,94.60416666666667,163.5,643.0,0.0,0.0,0.0,L__peak,calibration,R01,0.0,0.0,0.0,0.0,0.0,0.0,0.0,M0_FIFO_OFFICIAL,0.0,easy,True
GO_L_PEAK_01,545.8541666666666,1029.5,493.5625,976.75,1177.0,26673.75,0.17793822200110299,1,heuristic_feasible,M1_WEIGHTED_SLACK,L,peak,1,,,94.60416666666667,163.5,643.0,4.769874476987447,5.296636085626911,0.8304821150855366,L__peak,calibration,R01,1.0,1.0,1.0,1.0,0.01586092715592774,0.9507930463577964,0.9507930463577964,M0_FIFO_OFFICIAL,0.0,easy,False
GO_L_PEAK_01,277.8229166666667,392.0,9.739583333333334,22.5,883.0,2061.25,6.1668563459988945,59,heuristic_online_replay,M2_PERIODIC_15,L,peak,1,,,94.60416666666667,163.5,643.0,1.9366879541951112,1.3975535168195719,0.37325038880248834,L__peak,calibration,R01,0.26385681293302543,0.4060249307479225,0.449438202247191,0.07727634846993767,0.5496967328601995,0.3228700003339245,0.3228700003339245,M0_FIFO_OFFICIAL,0.0,easy,False
GO_L_PEAK_01,291.4583333333333,412.5,17.145833333333332,43.25,887.0,3288.0,3.312551724000514,30,heuristic_online_replay,M2_PERIODIC_30,L,peak,1,,,94.60416666666667,163.5,643.0,2.0808192028187618,1.5229357798165137,0.37947122861586313,L__peak,calibration,R01,0.28752886836027713,0.436241920590951,0.45692883895131087,0.12326725713482356,0.2952718140248098,0.334078113167282,0.334078113167282,M0_FIFO_OFFICIAL,0.0,easy,False
GO_L_PEAK_01,127.17708333333333,231.5,14.583333333333334,51.75,673.0,0.0,11.21865199000058,125,heuristic_online_replay,M3_EVENT_REACTIVE,L,peak,1,,,94.60416666666667,163.5,643.0,0.34430742127284725,0.41590214067278286,0.04665629860031104,L__peak,calibration,R01,0.07852193995381063,0.0721837488457987,0.056179775280898875,0.0,1.0,0.1118077764827993,0.1118077764827993,M0_FIFO_OFFICIAL,0.0,easy,True
GO_L_PEAK_01,219.51041666666666,381.0,167.51041666666666,329.5,821.0,1944.75,3.4278775689999748,73,metaheuristic_workers_4,M4_METAHEURISTIC_L,L,peak,1,,,94.60416666666667,163.5,643.0,1.3203038978198633,1.3302752293577982,0.27682737169517885,L__peak,calibration,R01,0.25115473441108543,0.2768005540166205,0.3333333333333333,0.07290875861099395,0.30555164489060843,0.2547882270947734,0.2547882270947734,M0_FIFO_OFFICIAL,0.0,easy,False
GO_L_PEAK_02,73.54166666666667,112.5,23.135416666666668,60.25,662.0,0.0,0.0,1,official_release,M0_FIFO_OFFICIAL,L,peak,2,,,73.54166666666667,112.5,662.0,0.0,0.0,0.0,L__peak,test,R02_R03,0.0,0.0,0.01098901098901099,0.0,0.0,0.0016483516483516484,0.0,M0_FIFO_OFFICIAL,0.0016483516483516484,hard,True
GO_L_PEAK_02,524.8854166666666,980.5,474.2395833333333,923.75,1112.0,25347.25,0.1788610069997958,1,heuristic_feasible,M1_WEIGHTED_SLACK,L,peak,2,,,73.54166666666667,112.5,662.0,6.137252124645891,7.7155555555555555,0.6797583081570997,L__peak,test,R02_R03,1.0,1.0,1.0,1.0,0.016895977584642587,0.9508447988792321,0.9491964472308805,M0_FIFO_OFFICIAL,0.0016483516483516484,hard,False
GO_L_PEAK_02,224.14583333333334,313.25,7.979166666666667,21.0,884.0,36.0,5.571734374001608,59,heuristic_online_replay,M2_PERIODIC_15,L,peak,2,,,73.54166666666667,112.5,662.0,2.047875354107649,1.7844444444444445,0.33534743202416917,L__peak,test,R02_R03,0.23127880184331798,0.33367952179833377,0.4989010989010989,0.001420272416139818,0.5263299176819531,0.28878902923995303,0.2871406775916014,M0_FIFO_OFFICIAL,0.0016483516483516484,hard,False
GO_L_PEAK_02,222.75,302.5,16.916666666666668,36.0,861.0,0.0,2.7174104550013,29,heuristic_online_replay,M2_PERIODIC_30,L,peak,2,,,73.54166666666667,112.5,662.0,2.028895184135977,1.6888888888888889,0.30060422960725075,L__peak,test,R02_R03,0.21889400921658986,0.33058690484433056,0.44835164835164837,0.0,0.2566982424292613,0.2612366897327584,0.25958833808440673,M0_FIFO_OFFICIAL,0.0016483516483516484,hard,False
GO_L_PEAK_02,84.20833333333333,139.75,6.8125,36.5,657.0,0.0,10.586011143999713,134,heuristic_online_replay,M3_EVENT_REACTIVE,L,peak,2,,,73.54166666666667,112.5,662.0,0.14504249291784688,0.24222222222222223,-0.0075528700906344415,L__peak,test,R02_R03,0.031394009216589865,0.023633132544023615,0.0,0.0,1.0,0.07003558728347134,0.0683872356351197,M0_FIFO_OFFICIAL,0.0016483516483516484,hard,True
GO_L_PEAK_02,196.44791666666666,329.0,145.6875,272.0,789.0,859.5,3.5288871369994013,79,metaheuristic_workers_4,M4_METAHEURISTIC_L,L,peak,2,,,73.54166666666667,112.5,662.0,1.6712464589235125,1.9244444444444444,0.19184290030211482,L__peak,test,R02_R03,0.24942396313364054,0.2723118465692723,0.29010989010989013,0.033909003935338154,0.3333538090028953,0.24389381941261842,0.24224546776426678,M0_FIFO_OFFICIAL,0.0016483516483516484,hard,False
GO_L_PEAK_03,78.88541666666667,127.0,29.697916666666668,81.25,671.0,0.0,0.0,1,official_release,M0_FIFO_OFFICIAL,L,peak,3,,,78.88541666666667,127.0,671.0,0.0,0.0,0.0,L__peak,test,R02_R03,0.0,0.0,0.002028397565922921,0.0,0.0,0.00030425963488843813,0.0,M0_FIFO_OFFICIAL,0.00030425963488843813,hard,True
GO_L_PEAK_03,530.6875,961.5,481.5520833333333,908.75,1163.0,24913.25,0.213230201999977,1,heuristic_feasible,M1_WEIGHTED_SLACK,L,peak,3,,,78.88541666666667,127.0,671.0,5.727320744751089,6.570866141732283,0.7332339791356185,L__peak,test,R02_R03,1.0,1.0,1.0,1.0,0.02149773372880787,0.9510748866864404,0.9507706270515519,M0_FIFO_OFFICIAL,0.00030425963488843813,hard,False
GO_L_PEAK_03,229.48958333333334,337.25,8.739583333333334,21.25,870.0,139.75,5.526763451000079,58,heuristic_online_replay,M2_PERIODIC_15,L,peak,3,,,78.88541666666667,127.0,671.0,1.909150930938862,1.655511811023622,0.2965722801788376,L__peak,test,R02_R03,0.25194727381665666,0.3333410186060453,0.4056795131845842,0.005609464843005228,0.5572047858948227,0.28598464062573603,0.2856803809908476,M0_FIFO_OFFICIAL,0.00030425963488843813,hard,False
GO_L_PEAK_03,219.54166666666666,318.5,18.020833333333332,43.5,847.0,0.0,2.7945083220001834,29,heuristic_online_replay,M2_PERIODIC_30,L,peak,3,,,78.88541666666667,127.0,671.0,1.783045028390334,1.5078740157480315,0.26229508196721313,L__peak,test,R02_R03,0.22947872977831035,0.3113227122864455,0.359026369168357,0.0,0.28174055666515807,0.2490370896803625,0.24873283004547406,M0_FIFO_OFFICIAL,0.00030425963488843813,hard,False
GO_L_PEAK_03,100.88541666666667,191.25,7.354166666666667,24.0,670.0,0.0,9.91872932700062,126,heuristic_online_replay,M3_EVENT_REACTIVE,L,peak,3,,,78.88541666666667,127.0,671.0,0.2788855143272151,0.5059055118110236,-0.0014903129657228018,L__peak,test,R02_R03,0.07699221090473338,0.048693887902612226,0.0,0.0,1.0,0.09681996688278308,0.09651570724789464,M0_FIFO_OFFICIAL,0.00030425963488843813,hard,True
GO_L_PEAK_03,227.20833333333334,357.0,178.03125,310.25,834.0,808.0,3.384675620998678,83,metaheuristic_workers_4,M4_METAHEURISTIC_L,L,peak,3,,,78.88541666666667,127.0,671.0,1.8802324045952727,1.811023622047244,0.2429210134128167,L__peak,test,R02_R03,0.2756141402037148,0.32829179443432555,0.332657200811359,0.03243254091698193,0.34124084944882643,0.27630318838609635,0.2759989287512079,M0_FIFO_OFFICIAL,0.00030425963488843813,hard,False
GO_M_BALANCED_01,55.354166666666664,68.0,4.3125,14.0,673.0,0.0,0.0,1,official_release,M0_FIFO_OFFICIAL,M,balanced,1,,,55.354166666666664,68.0,673.0,0.0,0.0,0.0,M__balanced,calibration,R01,0.0,0.0,0.01284796573875803,0.0,0.0,0.0019271948608137043,0.0,M0_FIFO_OFFICIAL,0.0019271948608137043,hard,True
GO_M_BALANCED_01,530.4791666666666,897.85,479.1666666666667,848.75,1134.0,12106.0,0.08449914499942679,1,heuristic_feasible,M1_WEIGHTED_SLACK,M,balanced,1,,,55.354166666666664,68.0,673.0,8.58336469702672,12.203676470588235,0.6849925705794948,M__balanced,calibration,R01,1.0,1.0,1.0,1.0,0.02432105200299392,0.9512160526001496,0.9492888577393359,M0_FIFO_OFFICIAL,0.0019271948608137043,hard,False
GO_M_BALANCED_01,172.14583333333334,273.55,8.645833333333334,21.0,834.0,0.0,2.5605147469996155,56,heuristic_online_replay,M2_PERIODIC_15,M,balanced,1,,,55.354166666666664,68.0,673.0,2.1098983816334216,3.022794117647059,0.23922734026745915,M__balanced,calibration,R01,0.24769536663252395,0.24581250548101383,0.3576017130620985,0.0,0.7369827507323643,0.2634054358508222,0.2614782409900085,M0_FIFO_OFFICIAL,0.0019271948608137043,hard,False
GO_M_BALANCED_01,183.33333333333334,287.65,15.270833333333334,38.599999999999994,870.0,0.0,1.437420801999906,29,heuristic_online_replay,M2_PERIODIC_30,M,balanced,1,,,55.354166666666664,68.0,673.0,2.312006021829131,3.2301470588235293,0.29271916790490343,M__balanced,calibration,R01,0.26468638910646497,0.2693589406296589,0.4346895074946467,0.0,0.4137270983731503,0.27233839129817844,0.2704111964373647,M0_FIFO_OFFICIAL,0.0019271948608137043,hard,False
GO_M_BALANCED_01,66.27083333333333,101.25,5.145833333333333,25.54999999999999,667.0,0.0,3.4743211349996272,79,heuristic_online_replay,M3_EVENT_REACTIVE,M,balanced,1,,,55.354166666666664,68.0,673.0,0.1972149040270982,0.4889705882352941,-0.008915304606240713,M__balanced,calibration,R01,0.04006748207507381,0.022976409716741208,0.0,0.0,1.0,0.07377446936296853,0.07184727450215482,M0_FIFO_OFFICIAL,0.0019271948608137043,hard,True
GO_M_BALANCED_02,54.1875,68.65,3.7708333333333335,21.54999999999999,693.0,0.0,0.0,1,official_release,M0_FIFO_OFFICIAL,M,balanced,2,,,54.1875,68.65,693.0,0.0,0.0,0.0,M__balanced,test,R02_R03,0.0,0.0,0.0,0.0,0.0,0.0,0.0,M0_FIFO_OFFICIAL,0.0,easy,True
GO_M_BALANCED_02,433.8541666666667,847.3,382.7708333333333,799.9499999999999,1031.0,9061.5,0.08458677899943723,1,heuristic_feasible,M1_WEIGHTED_SLACK,M,balanced,2,,,54.1875,68.65,693.0,7.006535947712418,11.342316096139838,0.48773448773448774,M__balanced,test,R02_R03,1.0,1.0,1.0,1.0,0.028834778572905454,0.9514417389286453,0.9514417389286453,M0_FIFO_OFFICIAL,0.0,easy,False
GO_M_BALANCED_02,133.64583333333334,196.3,7.166666666666667,18.65,749.0,0.0,2.201306236000164,50,heuristic_online_replay,M2_PERIODIC_15,M,balanced,2,,,54.1875,68.65,693.0,1.4663590926566707,1.8594319009468316,0.08080808080808081,M__balanced,test,R02_R03,0.16393758428048547,0.2092844600526778,0.16568047337278108,0.0,0.7504030610580761,0.1884652519982089,0.1884652519982089,M0_FIFO_OFFICIAL,0.0,easy,False
GO_M_BALANCED_02,143.16666666666666,199.25,16.770833333333332,34.949999999999996,771.0,0.0,1.1669906799997989,26,heuristic_online_replay,M2_PERIODIC_30,M,balanced,2,,,54.1875,68.65,693.0,1.642060745866974,1.9024034959941731,0.11255411255411256,M__balanced,test,R02_R03,0.167726192769537,0.23436128182616325,0.23076923076923078,0.0,0.3978153353571064,0.1885732585860724,0.1885732585860724,M0_FIFO_OFFICIAL,0.0,easy,False
GO_M_BALANCED_02,56.979166666666664,75.3,3.4583333333333335,14.0,693.0,0.0,2.93349847600075,71,heuristic_online_replay,M3_EVENT_REACTIVE,M,balanced,2,,,54.1875,68.65,693.0,0.051518646674355975,0.09686817188638006,0.0,M__balanced,test,R02_R03,0.008540422526167074,0.007352941176470582,0.0,0.0,1.0,0.05568142543089283,0.05568142543089283,M0_FIFO_OFFICIAL,0.0,easy,True
GO_M_BALANCED_03,54.020833333333336,63.0,2.5833333333333335,11.649999999999999,665.0,0.0,0.0,1,official_release,M0_FIFO_OFFICIAL,M,balanced,3,,,54.020833333333336,63.0,665.0,0.0,0.0,0.0,M__balanced,test,R02_R03,0.0,0.0,0.0,0.0,0.0,0.0,0.0,M0_FIFO_OFFICIAL,0.0,easy,True
GO_M_BALANCED_03,424.3333333333333,677.25,372.8541666666667,628.55,982.0,8492.5,0.08565448300032585,1,heuristic_feasible,M1_WEIGHTED_SLACK,M,balanced,3,,,54.020833333333336,63.0,665.0,6.854994215194755,9.75,0.4766917293233083,M__balanced,test,R02_R03,1.0,1.0,1.0,1.0,0.02857337415658122,0.951428668707829,0.951428668707829,M0_FIFO_OFFICIAL,0.0,easy,False
GO_M_BALANCED_03,137.45833333333334,200.6,5.229166666666667,13.0,736.0,0.0,2.2356137440001476,49,heuristic_online_replay,M2_PERIODIC_15,M,balanced,3,,,54.020833333333336,63.0,665.0,1.5445430003856535,2.184126984126984,0.10676691729323308,M__balanced,test,R02_R03,0.224013024013024,0.22531645569620254,0.22397476340694006,0.0,0.7457756528244831,0.2280199718821766,0.2280199718821766,M0_FIFO_OFFICIAL,0.0,easy,False
GO_M_BALANCED_03,135.625,203.65,16.375,44.949999999999996,748.0,0.0,1.0791146960000333,25,heuristic_online_replay,M2_PERIODIC_30,M,balanced,3,,,54.020833333333336,63.0,665.0,1.5106054762822982,2.2325396825396826,0.12481203007518797,M__balanced,test,R02_R03,0.228978428978429,0.220365682137834,0.2618296529968454,0.0,0.35998055077347263,0.215405189062952,0.215405189062952,M0_FIFO_OFFICIAL,0.0,easy,False
GO_M_BALANCED_03,60.25,82.89999999999999,3.6875,13.299999999999997,665.0,0.0,2.9977027750010166,70,heuristic_online_replay,M3_EVENT_REACTIVE,M,balanced,3,,,54.020833333333336,63.0,665.0,0.11531045121480905,0.31587301587301575,0.0,M__balanced,test,R02_R03,0.032397232397232384,0.016821378340365675,0.0,0.0,1.0,0.068784099163846,0.068784099163846,M0_FIFO_OFFICIAL,0.0,easy,True
GO_M_DISRUPTED_01,100.625,156.54999999999998,43.96875,99.54999999999998,653.0,0.0,0.0,1,official_release,M0_FIFO_OFFICIAL,M,disrupted,1,,,100.625,156.54999999999998,653.0,0.0,0.0,0.0,M__disrupted,calibration,R01,0.0,0.0,0.0,0.0,0.0,0.0,0.0,M0_FIFO_OFFICIAL,0.0,easy,True
GO_M_DISRUPTED_01,578.375,1034.25,521.59375,979.0999999999999,1163.0,18667.75,0.11062155100080417,1,heuristic_feasible,M1_WEIGHTED_SLACK,M,disrupted,1,,,100.625,156.54999999999998,653.0,4.747826086956522,5.606515490258704,0.781010719754977,M__disrupted,calibration,R01,1.0,1.0,1.0,1.0,0.01959489354236179,0.9509797446771181,0.9509797446771181,M0_FIFO_OFFICIAL,0.0,easy,False
GO_M_DISRUPTED_01,286.359375,402.85,9.765625,24.849999999999994,911.0,1650.5,4.126209609999933,61,heuristic_online_replay,M2_PERIODIC_15,M,disrupted,1,,,100.625,156.54999999999998,653.0,1.845807453416149,1.5732992654104125,0.39509954058192953,M__disrupted,calibration,R01,0.2806198017545859,0.388768969126112,0.5058823529411764,0.08841451165780558,0.7308940917021772,0.3447396617631575,0.3447396617631575,M0_FIFO_OFFICIAL,0.0,easy,False
GO_M_DISRUPTED_01,272.96875,389.0,18.421875,39.0,892.0,939.5,2.095332918999702,30,heuristic_online_replay,M2_PERIODIC_30,M,disrupted,1,,,100.625,156.54999999999998,653.0,1.7127329192546583,1.484829128074098,0.3660030627871363,M__disrupted,calibration,R01,0.26483992252478067,0.36074045002616434,0.46862745098039216,0.050327436354140165,0.3711557568317485,0.30324772676675266,0.30324772676675266,M0_FIFO_OFFICIAL,0.0,easy,False
GO_M_DISRUPTED_01,148.515625,228.85,19.71875,99.8999999999998,721.0,0.0,5.645427507000932,91,heuristic_online_replay,M3_EVENT_REACTIVE,M,disrupted,1,,,100.625,156.54999999999998,653.0,0.47593167701863354,0.46183328010220387,0.10413476263399694,M__disrupted,calibration,R01,0.08237438760396491,0.10024201988487703,0.13333333333333333,0.0,1.0,0.13212897939300347,0.13212897939300347,M0_FIFO_OFFICIAL,0.0,easy,True
GO_M_DISRUPTED_02,83.90625,120.0,32.046875,73.09999999999997,589.0,0.0,0.0,1,official_release,M0_FIFO_OFFICIAL,M,disrupted,2,,,83.90625,120.0,589.0,0.0,0.0,0.0,M__disrupted,test,R02_R03,0.0,0.0,0.0,0.0,0.0,0.0,0.0,M0_FIFO_OFFICIAL,0.0,easy,True
GO_M_DISRUPTED_02,531.015625,941.4999999999998,479.515625,890.4999999999998,1105.0,16564.0,0.11062975599998026,1,heuristic_feasible,M1_WEIGHTED_SLACK,M,disrupted,2,,,83.90625,120.0,589.0,5.328677839851024,6.845833333333331,0.8760611205432938,M__disrupted,test,R02_R03,1.0,1.0,1.0,1.0,0.021708933319486146,0.9510854466659743,0.9510854466659743,M0_FIFO_OFFICIAL,0.0,easy,False
GO_M_DISRUPTED_02,239.90625,364.8999999999999,9.671875,22.0,794.0,101.5,3.610257897000338,53,heuristic_online_replay,M2_PERIODIC_15,M,disrupted,2,,,83.90625,120.0,589.0,1.859217877094972,2.0408333333333326,0.34804753820033957,M__disrupted,test,R02_R03,0.2981132075471698,0.3489079154289708,0.39728682170542634,0.006127746921033567,0.7084427443927708,0.31700585742102494,0.31700585742102494,M0_FIFO_OFFICIAL,0.0,easy,False
GO_M_DISRUPTED_02,246.0,356.7,17.234375,41.0,827.0,13.0,1.7626995399987209,28,heuristic_online_replay,M2_PERIODIC_30,M,disrupted,2,,,83.90625,120.0,589.0,1.9318435754189944,1.9725,0.40407470288624786,M__disrupted,test,R02_R03,0.28813146682897145,0.362537130875415,0.46124031007751937,0.0007848345810190776,0.34589542777377147,0.3068527441503093,0.3068527441503093,M0_FIFO_OFFICIAL,0.0,easy,False
GO_M_DISRUPTED_02,125.3125,210.7,11.34375,38.849999999999994,600.0,0.0,5.0960475289994065,91,heuristic_online_replay,M3_EVENT_REACTIVE,M,disrupted,2,,,83.90625,120.0,589.0,0.4934823091247672,0.7558333333333332,0.01867572156196944,M__disrupted,test,R02_R03,0.11040779062690202,0.09260877162327451,0.02131782945736434,0.0,1.0,0.12603337310652918,0.12603337310652918,M0_FIFO_OFFICIAL,0.0,easy,True
GO_M_DISRUPTED_03,108.515625,159.09999999999997,52.546875,104.69999999999999,603.0,0.0,0.0,1,official_release,M0_FIFO_OFFICIAL,M,disrupted,3,,,108.515625,159.09999999999997,603.0,0.0,0.0,0.0,M__disrupted,test,R02_R03,0.0,0.0,0.0,0.0,0.0,0.0,0.0,M0_FIFO_OFFICIAL,0.0,easy,True
GO_M_DISRUPTED_03,664.96875,1145.8,608.9375,1089.4499999999998,1297.0,25301.0,0.11060375799934263,1,heuristic_feasible,M1_WEIGHTED_SLACK,M,disrupted,3,,,108.515625,159.09999999999997,603.0,5.127861771058315,6.20175989943432,1.1509121061359868,M__disrupted,test,R02_R03,1.0,1.0,1.0,1.0,0.019971759003398693,0.9509985879501699,0.9509985879501699,M0_FIFO_OFFICIAL,0.0,easy,False
GO_M_DISRUPTED_03,279.328125,375.54999999999995,7.390625,19.849999999999994,874.0,1200.25,3.752315630999874,58,heuristic_online_replay,M2_PERIODIC_15,M,disrupted,3,,,108.515625,159.09999999999997,603.0,1.5740820734341252,1.36046511627907,0.4494195688225539,M__disrupted,test,R02_R03,0.2193675889328063,0.30696655715609467,0.3904899135446686,0.04743883640962808,0.6775569369664707,0.27265227182977314,0.27265227182977314,M0_FIFO_OFFICIAL,0.0,easy,False
GO_M_DISRUPTED_03,305.34375,413.7,19.65625,43.69999999999999,905.0,2377.0,1.9954650799991214,30,heuristic_online_replay,M2_PERIODIC_30,M,disrupted,3,,,108.515625,159.09999999999997,603.0,1.8138228941684664,1.6002514142049031,0.5008291873963516,M__disrupted,test,R02_R03,0.2580318232492146,0.3537191475023166,0.43515850144092216,0.09394885577645153,0.3603218226787286,0.2972288592654456,0.2972288592654456,M0_FIFO_OFFICIAL,0.0,easy,False
GO_M_DISRUPTED_03,187.8125,367.84999999999957,34.015625,156.39999999999998,723.0,354.0,5.538007843000742,89,heuristic_online_replay,M3_EVENT_REACTIVE,M,disrupted,3,,,108.515625,159.09999999999997,603.0,0.7307415406767459,1.3120678818353215,0.19900497512437812,M__disrupted,test,R02_R03,0.21156379852031984,0.14250414174599163,0.1729106628242075,0.013991541836291055,1.0,0.2081654983779021,0.2081654983779021,M0_FIFO_OFFICIAL,0.0,easy,False
GO_M_PEAK_01,75.953125,112.24999999999997,21.28125,58.54999999999998,644.0,0.0,0.0,1,official_release,M0_FIFO_OFFICIAL,M,peak,1,,,75.953125,112.24999999999997,644.0,0.0,0.0,0.0,M__peak,calibration,R01,0.0,0.0,0.0,0.0,0.0,0.0,0.0,M0_FIFO_OFFICIAL,0.0,easy,True
GO_M_PEAK_01,630.015625,1054.1499999999999,573.9375,997.7499999999999,1199.0,24202.25,0.11139082800036704,1,heuristic_feasible,M1_WEIGHTED_SLACK,M,peak,1,,,75.953125,112.24999999999997,644.0,7.294795309607077,8.391091314031181,0.8618012422360248,M__peak,calibration,R01,1.0,1.0,1.0,1.0,0.02096746224790009,0.951048373112395,0.951048373112395,M0_FIFO_OFFICIAL,0.0,easy,False
GO_M_PEAK_01,254.96875,349.0,8.28125,22.0,859.0,421.5,3.9640816880000784,57,heuristic_online_replay,M2_PERIODIC_15,M,peak,1,,,75.953125,112.24999999999997,644.0,2.356922443941576,2.109131403118041,0.3338509316770186,M__peak,calibration,R01,0.251353646883958,0.32309644670050763,0.38738738738738737,0.017415736140234894,0.7461721457035927,0.2910415417802193,0.2910415417802193,M0_FIFO_OFFICIAL,0.0,easy,False
GO_M_PEAK_01,249.53125,341.0,18.9375,42.0,873.0,353.25,1.871790551000231,29,heuristic_online_replay,M2_PERIODIC_30,M,peak,1,,,75.953125,112.24999999999997,644.0,2.2853322361653983,2.037861915367484,0.3555900621118012,M__peak,calibration,R01,0.24286017623951595,0.31328257191201353,0.4126126126126126,0.014595750395107894,0.3523332972616393,0.2685758540802702,0.2685758540802702,M0_FIFO_OFFICIAL,0.0,easy,False
GO_M_PEAK_01,109.359375,170.85,11.09375,34.24999999999997,661.0,0.0,5.312556507000409,90,heuristic_online_replay,M3_EVENT_REACTIVE,M,peak,1,,,75.953125,112.24999999999997,644.0,0.43982719605019543,0.5220489977728289,0.026397515527950312,M__peak,calibration,R01,0.06221467247053831,0.06029328821206994,0.03063063063063063,0.0,1.0,0.09766451925935432,0.09766451925935432,M0_FIFO_OFFICIAL,0.0,easy,True
GO_M_PEAK_02,61.078125,88.69999999999999,10.890625,34.69999999999999,650.0,0.0,0.0,1,official_release,M0_FIFO_OFFICIAL,M,peak,2,,,61.078125,88.69999999999999,650.0,0.0,0.0,0.0,M__peak,test,R02_R03,0.0,0.0,0.0,0.0,0.0,0.0,0.0,M0_FIFO_OFFICIAL,0.0,easy,True
GO_M_PEAK_02,560.0625,986.3499999999998,509.390625,936.3999999999997,1140.0,18750.25,0.11222195099981036,1,heuristic_feasible,M1_WEIGHTED_SLACK,M,peak,2,,,61.078125,88.69999999999999,650.0,8.169608595548734,10.120067643742953,0.7538461538461538,M__peak,test,R02_R03,1.0,1.0,1.0,1.0,0.02519196305778343,0.9512595981528891,0.9512595981528891,M0_FIFO_OFFICIAL,0.0,easy,False
GO_M_PEAK_02,186.125,260.85,8.5625,22.849999999999994,843.0,0.0,3.4095684269996127,56,heuristic_online_replay,M2_PERIODIC_15,M,peak,2,,,61.078125,88.69999999999999,650.0,2.0473266820158607,1.940811724915446,0.2969230769230769,M__peak,test,R02_R03,0.1917785328357378,0.2506027869109128,0.39387755102040817,0.0,0.7653914505202654,0.24630224168288473,0.24630224168288473,M0_FIFO_OFFICIAL,0.0,easy,False
GO_M_PEAK_02,215.953125,323.7,17.375,44.69999999999999,912.0,249.0,1.9518823310008884,31,heuristic_online_replay,M2_PERIODIC_30,M,peak,2,,,61.078125,88.69999999999999,650.0,2.535686876438987,2.6493799323562572,0.40307692307692305,M__peak,test,R02_R03,0.26179468612488166,0.3103804603100047,0.5346938775510204,0.01327982293569419,0.4381651462804962,0.29884304507394516,0.29884304507394516,M0_FIFO_OFFICIAL,0.0,easy,False
GO_M_PEAK_02,72.703125,112.54999999999998,10.578125,41.69999999999999,657.0,0.0,4.454672735999338,89,heuristic_online_replay,M3_EVENT_REACTIVE,M,peak,2,,,61.078125,88.69999999999999,650.0,0.1903300076745971,0.26888387824126264,0.010769230769230769,M__peak,test,R02_R03,0.02656937559182309,0.023297322686707374,0.014285714285714285,0.0,1.0,0.06992340683085438,0.06992340683085438,M0_FIFO_OFFICIAL,0.0,easy,True
GO_M_PEAK_03,76.03125,119.69999999999999,23.390625,68.69999999999999,645.0,0.0,0.0,1,official_release,M0_FIFO_OFFICIAL,M,peak,3,,,76.03125,119.69999999999999,645.0,0.0,0.0,0.0,M__peak,test,R02_R03,0.0,0.0,0.0,0.0,0.0,0.0,0.0,M0_FIFO_OFFICIAL,0.0,easy,True
GO_M_PEAK_03,505.71875,985.3999999999997,452.1875,929.3999999999997,1123.0,15550.25,0.11454633399989689,1,heuristic_feasible,M1_WEIGHTED_SLACK,M,peak,3,,,76.03125,119.69999999999999,645.0,5.651459103986848,7.232247284878863,0.7410852713178294,M__peak,test,R02_R03,1.0,1.0,1.0,1.0,0.025453903104756703,0.9512726951552378,0.9512726951552378,M0_FIFO_OFFICIAL,0.0,easy,False
GO_M_PEAK_03,206.15625,295.85,8.8125,20.0,840.0,0.0,3.400575563999155,56,heuristic_online_replay,M2_PERIODIC_15,M,peak,3,,,76.03125,119.69999999999999,645.0,1.7114673242909988,1.4715956558061825,0.3023255813953488,M__peak,test,R02_R03,0.2034769550652652,0.3028363636363636,0.40794979079497906,0.0,0.7556585870877002,0.2662491186620921,0.2662491186620921,M0_FIFO_OFFICIAL,0.0,easy,False
GO_M_PEAK_03,228.234375,329.85,15.78125,38.54999999999998,868.0,91.25,1.7940320999987307,29,heuristic_online_replay,M2_PERIODIC_30,M,peak,3,,,76.03125,119.69999999999999,645.0,2.0018495684340323,1.7556390977443614,0.3457364341085271,M__peak,test,R02_R03,0.24275153055330956,0.3542181818181818,0.4665271966527197,0.0058680728605649424,0.3986606785707519,0.2882916549160368,0.2882916549160368,M0_FIFO_OFFICIAL,0.0,easy,False
GO_M_PEAK_03,96.703125,169.34999999999994,9.78125,38.799999999999955,669.0,0.0,4.500148111999806,89,heuristic_online_replay,M3_EVENT_REACTIVE,M,peak,3,,,76.03125,119.69999999999999,645.0,0.2718865598027127,0.414786967418546,0.037209302325581395,M__peak,test,R02_R03,0.05735243155827649,0.04810909090909091,0.0502092050209205,0.0,1.0,0.09536724768163524,0.09536724768163524,M0_FIFO_OFFICIAL,0.0,easy,True
GO_S_BALANCED_01,58.9,79.74999999999999,4.6,26.04999999999997,692.0,0.0,0.0,1,official_release,M0_FIFO_OFFICIAL,S,balanced,1,,,58.9,79.74999999999999,692.0,0.0,0.0,0.0,S__balanced,calibration,R01,0.0,0.0,0.0,0.0,0.0,0.0,0.0,M0_FIFO_OFFICIAL,0.0,easy,True
GO_S_BALANCED_01,565.5,955.55,511.3666666666667,902.55,1197.0,8483.0,0.05674972899942077,1,heuristic_feasible,M1_WEIGHTED_SLACK,S,balanced,1,,,58.9,79.74999999999999,692.0,8.601018675721562,10.981818181818182,0.7297687861271677,S__balanced,calibration,R01,1.0,1.0,1.0,1.0,0.010398705872259384,0.9505199352936129,0.9505199352936129,M0_FIFO_OFFICIAL,0.0,easy,False
GO_S_BALANCED_01,112.5,174.14999999999998,5.966666666666667,19.84999999999998,770.0,0.0,1.369444537000163,51,heuristic_online_replay,M2_PERIODIC_15,S,balanced,1,,,58.9,79.74999999999999,692.0,0.9100169779286927,1.1836990595611285,0.11271676300578035,S__balanced,calibration,R01,0.10778716601963918,0.10580339518357679,0.15445544554455445,0.0,0.2509342546601849,0.11067010306942424,0.11067010306942424,M0_FIFO_OFFICIAL,0.0,easy,True
GO_S_BALANCED_01,135.66666666666666,221.39999999999998,11.233333333333333,30.549999999999997,810.0,0.0,0.7382052740013023,27,heuristic_online_replay,M2_PERIODIC_30,S,balanced,1,,,58.9,79.74999999999999,692.0,1.3033389926428973,1.7761755485893418,0.17052023121387283,S__balanced,calibration,R01,0.1617378396894268,0.1515330964600605,0.23366336633663368,0.0,0.13526724537783327,0.15247816919464388,0.15247816919464388,M0_FIFO_OFFICIAL,0.0,easy,False
GO_S_BALANCED_01,87.46666666666667,163.04999999999995,9.866666666666667,37.49999999999997,736.0,0.0,1.3404427299992676,46,heuristic_online_replay,M3_EVENT_REACTIVE,S,balanced,1,,,58.9,79.74999999999999,692.0,0.4850028296547822,1.0445141065830719,0.06358381502890173,S__balanced,calibration,R01,0.09511303950673666,0.056388998552441116,0.08712871287128712,0.0,0.2456200220447406,0.08224842544907188,0.08224842544907188,M0_FIFO_OFFICIAL,0.0,easy,True
GO_S_BALANCED_01,131.73333333333332,276.65,76.73333333333333,221.64999999999998,846.0,60.25,5.457383802999175,1,optimal,Mref_EXACT_XS_S,S,balanced,1,0.0,16.0,58.9,79.74999999999999,692.0,1.236559139784946,2.4689655172413794,0.22254335260115607,S__balanced,calibration,R01,0.2248230189540991,0.1437689169627582,0.30495049504950494,0.00710244017446658,1.0,0.23356540604490655,0.23356540604490655,M0_FIFO_OFFICIAL,0.0,easy,False
GO_S_BALANCED_02,63.166666666666664,88.19999999999999,9.533333333333333,32.749999999999986,690.0,0.0,0.0,1,official_release,M0_FIFO_OFFICIAL,S,balanced,2,,,63.166666666666664,88.19999999999999,690.0,0.0,0.0,0.0,S__balanced,test,R02_R03,0.0,0.0,0.006329113924050633,0.0,0.0,0.0009493670886075949,0.0,M0_FIFO_OFFICIAL,0.0009493670886075949,hard,True
GO_S_BALANCED_02,491.43333333333334,892.2499999999998,437.53333333333336,838.8499999999998,1161.0,7506.0,0.054431107000709744,1,heuristic_feasible,M1_WEIGHTED_SLACK,S,balanced,2,,,63.166666666666664,88.19999999999999,690.0,6.779947229551452,9.116213151927436,0.6826086956521739,S__balanced,test,R02_R03,1.0,1.0,1.0,1.0,0.00905349685568099,0.950452674842784,0.9495033077541764,M0_FIFO_OFFICIAL,0.0009493670886075949,hard,False
GO_S_BALANCED_02,174.33333333333334,229.2,6.466666666666667,15.549999999999997,776.0,0.0,1.7450633789994754,52,heuristic_online_replay,M2_PERIODIC_15,S,balanced,2,,,63.166666666666664,88.19999999999999,690.0,1.7598944591029027,1.5986394557823131,0.1246376811594203,S__balanced,test,R02_R03,0.17536222871711965,0.2595734744707348,0.1877637130801688,0.0,0.29025545658165264,0.18648370133149553,0.18553433424288793,M0_FIFO_OFFICIAL,0.0009493670886075949,hard,False
GO_S_BALANCED_02,163.76666666666668,233.75,15.3,40.39999999999998,734.0,0.0,0.7460443009986193,25,heuristic_online_replay,M2_PERIODIC_30,S,balanced,2,,,63.166666666666664,88.19999999999999,690.0,1.5926121372031667,1.6502267573696148,0.06376811594202898,S__balanced,test,R02_R03,0.18102108077855864,0.2349003735990038,0.09915611814345991,0.0,0.12408914875094587,0.16126245490916863,0.16031308782056103,M0_FIFO_OFFICIAL,0.0009493670886075949,hard,False
GO_S_BALANCED_02,86.0,148.95,12.166666666666666,47.99999999999994,687.0,0.0,1.3756497719987237,48,heuristic_online_replay,M3_EVENT_REACTIVE,S,balanced,2,,,63.166666666666664,88.19999999999999,690.0,0.3614775725593668,0.6887755102040817,-0.004347826086956522,S__balanced,test,R02_R03,0.07555500279833346,0.053315691158156917,0.0,0.0,0.22881108931233607,0.058769228514406094,0.0578198614257985,M0_FIFO_OFFICIAL,0.0009493670886075949,hard,True
GO_S_BALANCED_02,129.70000000000007,212.64999999999998,74.40000000000006,161.29999999999998,777.0,0.0,6.012163904000772,1,time_limit,Mref_EXACT_XS_S,S,balanced,2,0.20970873786407768,16.0,63.166666666666664,88.19999999999999,690.0,1.0532981530343022,1.4109977324263039,0.12608695652173912,S__balanced,test,R02_R03,0.154778931658479,0.1553549190535494,0.189873417721519,0.0,1.0,0.18697026166793074,0.18602089457932314,M0_FIFO_OFFICIAL,0.0009493670886075949,hard,False
GO_S_BALANCED_03,55.233333333333334,68.64999999999999,2.8333333333333335,10.299999999999983,688.0,0.0,0.0,1,official_release,M0_FIFO_OFFICIAL,S,balanced,3,,,55.233333333333334,68.64999999999999,688.0,0.0,0.0,0.0,S__balanced,test,R02_R03,0.0,0.0,0.0,0.0,0.0,0.0,0.0,M0_FIFO_OFFICIAL,0.0,easy,True
GO_S_BALANCED_03,440.6666666666667,936.8499999999997,387.3333333333333,884.1999999999997,1133.0,5957.0,0.054397183999753906,1,heuristic_feasible,M1_WEIGHTED_SLACK,S,balanced,3,,,55.233333333333334,68.64999999999999,688.0,6.978273989136994,12.64675892206846,0.6468023255813954,S__balanced,test,R02_R03,1.0,1.0,1.0,1.0,0.00905217392872996,0.9504526086964364,0.9504526086964364,M0_FIFO_OFFICIAL,0.0,easy,False
GO_S_BALANCED_03,139.43333333333334,199.75,3.8333333333333335,14.549999999999997,760.0,0.0,1.5095804530010355,51,heuristic_online_replay,M2_PERIODIC_15,S,balanced,3,,,55.233333333333334,68.64999999999999,688.0,1.5244417622208812,1.9096868171886385,0.10465116279069768,S__balanced,test,R02_R03,0.15100207325501044,0.21845541814408026,0.16179775280898875,0.0,0.2512075775841293,0.15939482930132953,0.15939482930132953,M0_FIFO_OFFICIAL,0.0,easy,False
GO_S_BALANCED_03,143.93333333333334,203.29999999999998,14.333333333333334,29.0,792.0,0.0,0.775280534000558,27,heuristic_online_replay,M2_PERIODIC_30,S,balanced,3,,,55.233333333333334,68.64999999999999,688.0,1.6059143029571514,1.9613983976693372,0.1511627906976744,S__balanced,test,R02_R03,0.15509099285878833,0.230130588947505,0.23370786516853934,0.0,0.12901355771216835,0.1688304516842203,0.1688304516842203,M0_FIFO_OFFICIAL,0.0,easy,False
GO_S_BALANCED_03,69.83333333333333,113.49999999999997,6.766666666666667,36.04999999999991,688.0,0.0,1.2287594599984004,46,heuristic_online_replay,M3_EVENT_REACTIVE,S,balanced,3,,,55.233333333333334,68.64999999999999,688.0,0.26433313216656595,0.6533139111434813,0.0,S__balanced,test,R02_R03,0.051658604008293016,0.03787944305111129,0.0,0.0,0.2044764734242152,0.04294005623772044,0.04294005623772044,M0_FIFO_OFFICIAL,0.0,easy,True
GO_S_BALANCED_03,123.36666666666702,221.19999999999987,70.36666666666818,174.29999999999987,790.0,0.0,6.009295051999288,1,time_limit,Mref_EXACT_XS_S,S,balanced,3,0.09312638580931126,16.0,55.233333333333334,68.64999999999999,688.0,1.2335546167773146,2.2221412964311713,0.14825581395348839,S__balanced,test,R02_R03,0.17570836212854174,0.17677073423852033,0.2292134831460674,0.0,1.0,0.20764346898938396,0.20764346898938396,M0_FIFO_OFFICIAL,0.0,easy,False
GO_S_DISRUPTED_01,87.7,142.64999999999998,30.825,85.19999999999999,560.0,0.0,0.0,1,official_release,M0_FIFO_OFFICIAL,S,disrupted,1,,,87.7,142.64999999999998,560.0,0.0,0.0,0.0,S__disrupted,calibration,R01,0.0,0.0,0.0,0.0,0.0,0.0,0.0,M0_FIFO_OFFICIAL,0.0,easy,True
GO_S_DISRUPTED_01,661.975,1169.1,605.05,1118.0,1347.0,16849.0,0.0707640229993558,1,heuristic_feasible,M1_WEIGHTED_SLACK,S,disrupted,1,,,87.7,142.64999999999998,560.0,6.5481755986316985,7.195583596214511,1.4053571428571427,S__disrupted,calibration,R01,1.0,1.0,1.0,1.0,0.011769828211790683,0.9505884914105895,0.9505884914105895,M0_FIFO_OFFICIAL,0.0,easy,False
GO_S_DISRUPTED_01,294.325,411.2,7.875,21.299999999999983,851.0,1840.5,2.6371129600011045,57,heuristic_online_replay,M2_PERIODIC_15,S,disrupted,1,,,87.7,142.64999999999998,560.0,2.356043329532497,1.882579740623905,0.5196428571428572,S__disrupted,calibration,R01,0.2616298894247163,0.3598014888337469,0.3697585768742058,0.10923496943438779,0.43861789082543245,0.29600200046540037,0.29600200046540037,M0_FIFO_OFFICIAL,0.0,easy,False
GO_S_DISRUPTED_01,312.275,448.34999999999997,16.025,36.0,915.0,2686.75,1.4641085840012238,31,heuristic_online_replay,M2_PERIODIC_30,S,disrupted,1,,,87.7,142.64999999999998,560.0,2.5607183580387685,2.1430073606729763,0.6339285714285714,S__disrupted,calibration,R01,0.2978225924302207,0.3910582908885116,0.45108005082592123,0.15946050210694998,0.24351790340211982,0.32756869232041635,0.32756869232041635,M0_FIFO_OFFICIAL,0.0,easy,False
GO_S_DISRUPTED_01,172.725,279.45,21.075,81.05,692.0,13.0,2.5462878059988725,62,heuristic_online_replay,M3_EVENT_REACTIVE,S,disrupted,1,,,87.7,142.64999999999998,560.0,0.9694982896237171,0.9589905362776028,0.2357142857142857,S__disrupted,calibration,R01,0.13327487943884264,0.14805624483043836,0.16772554002541296,0.0007715591429758443,0.42351139440810137,0.14339931359360336,0.14339931359360336,M0_FIFO_OFFICIAL,0.0,easy,True
GO_S_DISRUPTED_01,244.975,435.29999999999995,188.25,377.99999999999994,890.0,1608.25,6.012324200999501,1,time_limit,Mref_EXACT_XS_S,S,disrupted,1,0.5107692307692308,16.0,87.7,142.64999999999998,560.0,1.793329532497149,2.0515247108307046,0.5892857142857143,S__disrupted,calibration,R01,0.285108870378489,0.273867049758391,0.4193138500635324,0.09545076859160781,1.0,0.31920790847860847,0.31920790847860847,M0_FIFO_OFFICIAL,0.0,easy,False
GO_S_DISRUPTED_02,85.675,147.34999999999997,28.95,88.1,607.0,0.0,0.0,1,official_release,M0_FIFO_OFFICIAL,S,disrupted,2,,,85.675,147.34999999999997,607.0,0.0,0.0,0.0,S__disrupted,test,R02_R03,0.0,0.0,0.0,0.0,0.0,0.0,0.0,M0_FIFO_OFFICIAL,0.0,easy,True
GO_S_DISRUPTED_02,683.175,1080.0999999999997,627.3,1026.9499999999998,1326.0,16026.75,0.07063915900107531,1,heuristic_feasible,M1_WEIGHTED_SLACK,S,disrupted,2,,,85.675,147.34999999999997,607.0,6.97402976364167,6.330166270783848,1.1845140032948929,S__disrupted,test,R02_R03,1.0,1.0,1.0,1.0,0.01175636753396656,0.9505878183766983,0.9505878183766983,M0_FIFO_OFFICIAL,0.0,easy,False
GO_S_DISRUPTED_02,270.225,378.65,8.7,28.19999999999999,843.0,570.0,2.7242009219989995,56,heuristic_online_replay,M2_PERIODIC_15,S,disrupted,2,,,85.675,147.34999999999997,607.0,2.154070615698862,1.5697319307770619,0.38879736408566723,S__disrupted,test,R02_R03,0.24797641383007243,0.30887029288702933,0.3282336578581363,0.03556553886471056,0.45338460604978714,0.26426779231297076,0.26426779231297076,M0_FIFO_OFFICIAL,0.0,easy,False
GO_S_DISRUPTED_02,309.55,408.44999999999993,18.85,43.249999999999986,892.0,1801.5,1.4499732940003014,30,heuristic_online_replay,M2_PERIODIC_30,S,disrupted,2,,,85.675,147.34999999999997,607.0,2.613072658301722,1.7719714964370548,0.4695222405271829,S__disrupted,test,R02_R03,0.2799249530956848,0.37468619246861923,0.3963838664812239,0.11240582151715102,0.24131684464765785,0.30240178136649454,0.30240178136649454,M0_FIFO_OFFICIAL,0.0,easy,False
GO_S_DISRUPTED_02,145.275,229.59999999999997,18.3,65.09999999999988,699.0,0.0,2.9645738560011523,62,heuristic_online_replay,M3_EVENT_REACTIVE,S,disrupted,2,,,85.675,147.34999999999997,607.0,0.6956521739130436,0.5581947743467934,0.1515650741350906,S__disrupted,test,R02_R03,0.08818011257035649,0.09974895397489542,0.12795549374130738,0.0,0.4933895069759743,0.10848108856037911,0.10848108856037911,M0_FIFO_OFFICIAL,0.0,easy,True
GO_S_DISRUPTED_02,255.3,407.65,198.7,352.34999999999997,833.0,1120.25,6.008587158999944,1,time_limit,Mref_EXACT_XS_S,S,disrupted,2,0.28083989501312334,16.0,85.675,147.34999999999997,607.0,1.9798657718120807,1.7665422463522231,0.3723228995057661,S__disrupted,test,R02_R03,0.2790672741892255,0.2838912133891213,0.3143254520166898,0.06989876300560001,1.0,0.3006917708354953,0.3006917708354953,M0_FIFO_OFFICIAL,0.0,easy,False
GO_S_DISRUPTED_03,93.8,137.59999999999997,37.125,82.59999999999997,628.0,0.0,0.0,1,official_release,M0_FIFO_OFFICIAL,S,disrupted,3,,,93.8,137.59999999999997,628.0,0.0,0.0,0.0,S__disrupted,test,R02_R03,0.0,0.0,0.0,0.0,0.0,0.0,0.0,M0_FIFO_OFFICIAL,0.0,easy,True
GO_S_DISRUPTED_03,601.2,1042.2,545.625,983.3,1229.0,13266.5,0.07083466500080249,1,heuristic_feasible,M1_WEIGHTED_SLACK,S,disrupted,3,,,93.8,137.59999999999997,628.0,5.409381663113007,6.574127906976747,0.9570063694267515,S__disrupted,test,R02_R03,1.0,1.0,1.0,1.0,0.01179222253489998,0.950589611126745,0.950589611126745,M0_FIFO_OFFICIAL,0.0,easy,False
GO_S_DISRUPTED_03,302.575,420.05,8.4,22.099999999999994,897.0,1110.5,2.8651982249994035,60,heuristic_online_replay,M2_PERIODIC_15,S,disrupted,3,,,93.8,137.59999999999997,628.0,2.2257462686567164,2.052688953488373,0.428343949044586,S__disrupted,test,R02_R03,0.31223745301790845,0.41146038628301135,0.4475873544093178,0.08370708174725813,0.47698475139835295,0.34272999933485276,0.34272999933485276,M0_FIFO_OFFICIAL,0.0,easy,False
GO_S_DISRUPTED_03,292.925,407.65,19.85,42.449999999999974,872.0,861.75,1.3282474469997396,29,heuristic_online_replay,M2_PERIODIC_30,S,disrupted,3,,,93.8,137.59999999999997,628.0,2.1228678038379534,1.9625726744186052,0.3885350318471338,S__disrupted,test,R02_R03,0.2985297369002874,0.39244186046511625,0.4059900166389351,0.06495684619153506,0.22112040024832827,0.3108990538488186,0.3108990538488186,M0_FIFO_OFFICIAL,0.0,easy,False
GO_S_DISRUPTED_03,154.875,246.34999999999997,18.175,40.249999999999986,641.0,0.0,2.734603517999858,63,heuristic_online_replay,M3_EVENT_REACTIVE,S,disrupted,3,,,93.8,137.59999999999997,628.0,0.6511194029850746,0.7903343023255816,0.020700636942675158,S__disrupted,test,R02_R03,0.12021888127349102,0.12036854552621205,0.021630615640599003,0.0,0.45524395758220015,0.11019742317982384,0.11019742317982384,M0_FIFO_OFFICIAL,0.0,easy,True
GO_S_DISRUPTED_03,235.0499999999957,368.2000000000001,178.24999999999605,310.6500000000001,821.0000000000001,743.4999999999991,6.0068969010008,1,time_limit,Mref_EXACT_XS_S,S,disrupted,3,0.5601023017902813,16.0,93.8,137.59999999999997,628.0,1.505863539445583,1.6758720930232571,0.30732484076433136,S__disrupted,test,R02_R03,0.25491930134866253,0.27837997635001116,0.3211314475873546,0.05604341763087469,1.0,0.2880827385955916,0.2880827385955916,M0_FIFO_OFFICIAL,0.0,easy,False
GO_S_PEAK_01,81.025,114.24999999999999,24.175,61.14999999999999,615.0,0.0,0.0,1,official_release,M0_FIFO_OFFICIAL,S,peak,1,,,81.025,114.24999999999999,615.0,0.0,0.0,0.0,S__peak,calibration,R01,0.0,0.0,0.0,0.0,0.0,0.0,0.0,M0_FIFO_OFFICIAL,0.0,easy,True
GO_S_PEAK_01,709.7,1145.2499999999998,653.175,1093.1,1333.0,18891.75,0.07104124999932537,1,heuristic_feasible,M1_WEIGHTED_SLACK,S,peak,1,,,81.025,114.24999999999999,615.0,7.7590249922863315,9.024070021881837,1.167479674796748,S__peak,calibration,R01,1.0,1.0,1.0,1.0,0.011826424830216188,0.9505913212415108,0.9505913212415108,M0_FIFO_OFFICIAL,0.0,easy,False
GO_S_PEAK_01,183.125,263.04999999999995,6.05,16.049999999999997,768.0,0.0,1.9672352910001791,51,heuristic_online_replay,M2_PERIODIC_15,S,peak,1,,,81.025,114.24999999999999,615.0,1.2601049058932428,1.3024070021881835,0.24878048780487805,S__peak,calibration,R01,0.14432589718719688,0.1624050582574462,0.21309192200557103,0.0,0.32749086330241967,0.15388624976455678,0.15388624976455678,M0_FIFO_OFFICIAL,0.0,easy,False
GO_S_PEAK_01,232.625,322.34999999999997,14.85,33.05,817.0,33.0,1.1440652269993734,28,heuristic_online_replay,M2_PERIODIC_30,S,peak,1,,,81.025,114.24999999999999,615.0,1.87102746066029,1.8214442013129102,0.3284552845528455,S__peak,calibration,R01,0.2018428709990301,0.2411420845428878,0.28133704735376047,0.0017467942355790225,0.19045556501470337,0.2030128278626426,0.2030128278626426,M0_FIFO_OFFICIAL,0.0,easy,False
GO_S_PEAK_01,133.675,224.34999999999997,17.25,55.249999999999986,658.0,0.0,2.3518458680009644,56,heuristic_online_replay,M3_EVENT_REACTIVE,S,peak,1,,,81.025,114.24999999999999,615.0,0.6497994446158594,0.9636761487964989,0.06991869918699187,S__peak,calibration,R01,0.10678952473326868,0.08374756432178788,0.05988857938718663,0.0,0.3915180035603551,0.09755136429651363,0.09755136429651363,M0_FIFO_OFFICIAL,0.0,easy,True
GO_S_PEAK_01,168.24999999999937,283.29999999999995,111.77499999999944,227.39999999999998,800.0,0.0,6.006992901000558,1,time_limit,Mref_EXACT_XS_S,S,peak,1,0.2757475083056478,16.0,81.025,114.24999999999999,615.0,1.076519592718289,1.4796498905908093,0.3008130081300813,S__peak,calibration,R01,0.1639670223084384,0.13874418419692108,0.2576601671309192,0.0,1.0,0.19712023115766542,0.19712023115766542,M0_FIFO_OFFICIAL,0.0,easy,False
GO_S_PEAK_02,75.625,111.29999999999998,21.725,54.05,677.0,0.0,0.0,1,official_release,M0_FIFO_OFFICIAL,S,peak,2,,,75.625,111.29999999999998,677.0,0.0,0.0,0.0,S__peak,test,R02_R03,0.0,0.0,0.0,0.0,0.0,0.0,0.0,M0_FIFO_OFFICIAL,0.0,easy,True
GO_S_PEAK_02,613.55,1038.2499999999995,559.4,985.4499999999996,1245.0,13611.25,0.07091663800019887,1,heuristic_feasible,M1_WEIGHTED_SLACK,S,peak,2,,,75.625,111.29999999999998,677.0,7.1130578512396685,8.32839173405211,0.8389955686853766,S__peak,test,R02_R03,1.0,1.0,1.0,1.0,0.011792967895358157,0.9505896483947679,0.9505896483947679,M0_FIFO_OFFICIAL,0.0,easy,False
GO_S_PEAK_02,241.175,335.59999999999997,9.4,25.0,807.0,56.5,2.5451377000008506,54,heuristic_online_replay,M2_PERIODIC_15,S,peak,2,,,75.625,111.29999999999998,677.0,2.1890909090909094,2.015274034141959,0.19202363367799113,S__peak,test,R02_R03,0.24197637413021209,0.3077566575266069,0.22887323943661972,0.004150978051244375,0.42323956735359564,0.24173659482854434,0.24173659482854434,M0_FIFO_OFFICIAL,0.0,easy,False
GO_S_PEAK_02,289.575,423.59999999999997,14.525,47.0,890.0,1544.75,1.34113323100064,30,heuristic_online_replay,M2_PERIODIC_30,S,peak,2,,,75.625,111.29999999999998,677.0,2.829090909090909,2.8059299191374665,0.31462333825701627,S__peak,test,R02_R03,0.33691137601812404,0.3977320258400335,0.375,0.11349067866654422,0.22302158678960712,0.3297932728742989,0.3297932728742989,M0_FIFO_OFFICIAL,0.0,easy,False
GO_S_PEAK_02,113.725,236.0,12.6,54.249999999999986,677.0,0.0,2.243717998999273,56,heuristic_online_replay,M3_EVENT_REACTIVE,S,peak,2,,,75.625,111.29999999999998,677.0,0.503801652892562,1.120395327942498,0.0,S__peak,test,R02_R03,0.1345272129025299,0.07082771761862713,0.0,0.0,0.37311546450300515,0.0968999484359455,0.0968999484359455,M0_FIFO_OFFICIAL,0.0,easy,True
GO_S_PEAK_02,193.95,305.99999999999994,138.95,259.34999999999997,736.0,96.25,6.013468248998834,1,time_limit,Mref_EXACT_XS_S,S,peak,2,0.3333333333333333,16.0,75.625,111.29999999999998,677.0,1.5646280991735535,1.7493261455525606,0.08714918759231906,S__peak,test,R02_R03,0.2100436916770053,0.21996560858855788,0.10387323943661972,0.007071356414730462,1.0,0.21579918495875783,0.21579918495875783,M0_FIFO_OFFICIAL,0.0,easy,False
GO_S_PEAK_03,66.05,98.19999999999999,13.175,45.0,605.0,0.0,0.0,1,official_release,M0_FIFO_OFFICIAL,S,peak,3,,,66.05,98.19999999999999,605.0,0.0,0.0,0.0,S__peak,test,R02_R03,0.0,0.0,0.0,0.0,0.0,0.0,0.0,M0_FIFO_OFFICIAL,0.0,easy,True
GO_S_PEAK_03,380.575,883.4499999999999,327.625,826.65,1068.0,6514.5,0.07089591899966763,1,heuristic_feasible,M1_WEIGHTED_SLACK,S,peak,3,,,66.05,98.19999999999999,605.0,4.761922785768357,7.99643584521385,0.7652892561983471,S__peak,test,R02_R03,1.0,1.0,1.0,1.0,0.011792409544426246,0.9505896204772213,0.9505896204772213,M0_FIFO_OFFICIAL,0.0,easy,False
GO_S_PEAK_03,246.025,335.25,5.65,15.34999999999998,863.0,430.25,2.7130058650000137,58,heuristic_online_replay,M2_PERIODIC_15,S,peak,3,,,66.05,98.19999999999999,605.0,2.724829674489024,2.4139511201629333,0.42644628099173554,S__peak,test,R02_R03,0.30187838268067496,0.5722120658135285,0.5572354211663066,0.06604497659068233,0.4512654142569269,0.39165137020654645,0.39165137020654645,M0_FIFO_OFFICIAL,0.0,easy,False
GO_S_PEAK_03,292.6,381.1,12.025,34.05,920.0,1680.25,1.5770773000003828,31,heuristic_online_replay,M2_PERIODIC_30,S,peak,3,,,66.05,98.19999999999999,605.0,3.42997728993187,2.880855397148677,0.5206611570247934,S__peak,test,R02_R03,0.3602674307545368,0.720292504570384,0.6803455723542117,0.25792462967226953,0.2623217480953971,0.48315385620726614,0.48315385620726614,M0_FIFO_OFFICIAL,0.0,easy,False
GO_S_PEAK_03,89.55,121.19999999999993,11.8,37.149999999999935,608.0,0.0,2.403762027999619,58,heuristic_online_replay,M3_EVENT_REACTIVE,S,peak,3,,,66.05,98.19999999999999,605.0,0.35579106737320215,0.2342158859470463,0.0049586776859504135,S__peak,test,R02_R03,0.029290035020693973,0.07471584134806454,0.0064794816414686825,0.0,0.3998276160528364,0.05282277914519054,0.05282277914519054,M0_FIFO_OFFICIAL,0.0,easy,True
GO_S_PEAK_03,243.52500000000003,359.6500000000001,189.27500000000003,312.0500000000001,852.0000000000001,1148.0000000000016,6.011995999000646,1,time_limit,Mref_EXACT_XS_S,S,peak,3,0.33164556962025327,16.0,66.05,98.19999999999999,605.0,2.686979560938683,2.6624236252545836,0.4082644628099175,S__peak,test,R02_R03,0.33295128939828095,0.5642635720530961,0.5334773218142551,0.17622227339012997,1.0,0.4385377988536517,0.4385377988536517,M0_FIFO_OFFICIAL,0.0,easy,False
GO_XS_BALANCED_01,76.83333333333333,101.44999999999999,20.88888888888889,47.3,639.0,0.0,0.0,1,official_release,M0_FIFO_OFFICIAL,XS,balanced,1,,,76.83333333333333,101.44999999999999,639.0,0.0,0.0,0.0,XS__balanced,calibration,R01,0.0,0.0,0.0,0.0,0.0,0.0,0.0,M0_FIFO_OFFICIAL,0.0,easy,True
GO_XS_BALANCED_01,340.44444444444446,720.9,284.1666666666667,668.3499999999999,877.0,2009.0,0.03506562500115251,1,heuristic_feasible,M1_WEIGHTED_SLACK,XS,balanced,1,,,76.83333333333333,101.44999999999999,639.0,3.4309472161966745,6.105963528831938,0.37245696400625977,XS__balanced,calibration,R01,1.0,1.0,1.0,1.0,0.0058403645028075,0.9502920182251403,0.9502920182251403,M0_FIFO_OFFICIAL,0.0,easy,False
GO_XS_BALANCED_01,186.11111111111111,239.54999999999998,9.0,18.299999999999997,749.0,0.0,1.226594241001294,50,heuristic_online_replay,M2_PERIODIC_15,XS,balanced,1,,,76.83333333333333,101.44999999999999,639.0,1.4222704266088215,1.3612617052735339,0.17214397496087636,XS__balanced,calibration,R01,0.22293970457664053,0.4145416227608008,0.46218487394957986,0.0,0.2042957301989231,0.2835007903520716,0.2835007903520716,M0_FIFO_OFFICIAL,0.0,easy,False
GO_XS_BALANCED_01,186.5,225.75,20.77777777777778,46.19999999999999,750.0,0.0,0.7034745239998301,25,heuristic_online_replay,M2_PERIODIC_30,XS,balanced,1,,,76.83333333333333,101.44999999999999,639.0,1.4273318872017355,1.2252341054706755,0.17370892018779344,XS__balanced,calibration,R01,0.20066187747195094,0.4160168598524763,0.46638655462184875,0.0,0.11716738653490347,0.2701184123455194,0.2701184123455194,M0_FIFO_OFFICIAL,0.0,easy,False
GO_XS_BALANCED_01,99.0,150.89999999999998,20.11111111111111,56.599999999999994,650.0,0.0,0.767441948000851,30,heuristic_online_replay,M3_EVENT_REACTIVE,XS,balanced,1,,,76.83333333333333,101.44999999999999,639.0,0.28850325379609554,0.48743223262690977,0.017214397496087636,XS__balanced,calibration,R01,0.0798288804584712,0.08408851422550054,0.046218487394957986,0.0,0.12782149786071956,0.07026897276496685,0.07026897276496685,M0_FIFO_OFFICIAL,0.0,easy,True
GO_XS_BALANCED_01,167.49999999999977,344.7499999999999,111.38888888888874,292.1999999999999,692.0,159.0,6.004013103000034,1,time_limit,Mref_EXACT_XS_S,XS,balanced,1,0.10989010989010989,12.0,76.83333333333333,101.44999999999999,639.0,1.1800433839479365,2.3982257269590925,0.08294209702660407,XS__balanced,calibration,R01,0.39276777786746286,0.3439409905163321,0.22268907563025211,0.07914385266301642,1.0,0.35404849428028073,0.35404849428028073,M0_FIFO_OFFICIAL,0.0,easy,False
GO_XS_BALANCED_02,80.16666666666667,113.64999999999998,24.0,50.04999999999996,617.0,0.0,0.0,1,official_release,M0_FIFO_OFFICIAL,XS,balanced,2,,,80.16666666666667,113.64999999999998,617.0,0.0,0.0,0.0,XS__balanced,test,R02_R03,0.0,0.0,0.0,0.0,0.0,0.0,0.0,M0_FIFO_OFFICIAL,0.0,easy,True
GO_XS_BALANCED_02,207.77777777777777,454.44999999999976,151.0,394.7999999999997,759.0,513.0,0.035158799999408075,1,heuristic_feasible,M1_WEIGHTED_SLACK,XS,balanced,2,,,80.16666666666667,113.64999999999998,617.0,1.5918225918225917,2.998680158380993,0.23014586709886548,XS__balanced,test,R02_R03,1.0,0.9262096841418437,1.0,1.0,0.0058563352280029905,0.931845237796861,0.931845237796861,M0_FIFO_OFFICIAL,0.0,easy,False
GO_XS_BALANCED_02,130.22222222222223,171.0,11.38888888888889,23.299999999999997,654.0,0.0,1.1573309619998327,44,heuristic_online_replay,M2_PERIODIC_15,XS,balanced,2,,,80.16666666666667,113.64999999999998,617.0,0.6243936243936243,0.5046194456665203,0.059967585089141004,XS__balanced,test,R02_R03,0.16828051643192504,0.3633064542498046,0.2605633802816901,0.0,0.19277444290852697,0.2152760751444973,0.2152760751444973,M0_FIFO_OFFICIAL,0.0,easy,False
GO_XS_BALANCED_02,143.72222222222223,187.2,23.555555555555557,58.499999999999986,679.0,0.0,0.5640586150002491,23,heuristic_online_replay,M2_PERIODIC_30,XS,balanced,2,,,80.16666666666667,113.64999999999998,617.0,0.7927927927927928,0.6471623405191379,0.10048622366288493,XS__balanced,test,R02_R03,0.2158157276995307,0.46129032592871977,0.43661971830985913,0.0,0.09395418324118425,0.2826303258555068,0.2826303258555068,M0_FIFO_OFFICIAL,0.0,easy,False
GO_XS_BALANCED_02,104.94444444444444,154.19999999999996,17.444444444444443,40.94999999999998,620.0,0.0,1.0339018239992583,31,heuristic_online_replay,M3_EVENT_REACTIVE,XS,balanced,2,,,80.16666666666667,113.64999999999998,617.0,0.30907830907830897,0.3567971843378794,0.004862236628849271,XS__balanced,test,R02_R03,0.11898474178403759,0.17983871098270013,0.02112676056338028,0.0,0.17221508340117817,0.11028257980305789,0.11028257980305789,M0_FIFO_OFFICIAL,0.0,easy,True
GO_XS_BALANCED_02,217.94444344444457,408.1999990000001,160.99999900000012,348.6999990000001,731.9999990000001,214.99999700000035,6.003549768000084,1,time_limit,Mref_EXACT_XS_S,XS,balanced,2,0.2022125707507231,12.0,80.16666666666667,113.64999999999998,617.0,1.7186417061677075,2.591728983721955,0.1863857358184767,XS__balanced,test,R02_R03,0.864289903169015,1.0,0.8098591478873247,0.4191033079922034,1.0,0.8523196594083758,0.8523196594083758,M0_FIFO_OFFICIAL,0.0,easy,False
GO_XS_BALANCED_03,63.72222222222222,86.15,9.722222222222221,34.3,679.0,0.0,0.0,1,official_release,M0_FIFO_OFFICIAL,XS,balanced,3,,,63.72222222222222,86.15,679.0,0.0,0.0,0.0,XS__balanced,test,R02_R03,0.0,0.0,0.0,0.0,0.0,0.0,0.0,M0_FIFO_OFFICIAL,0.0,easy,True
GO_XS_BALANCED_03,386.05555555555554,636.2,331.8888888888889,581.65,929.0,2590.5,0.03519823299939162,1,heuristic_feasible,M1_WEIGHTED_SLACK,XS,balanced,3,,,63.72222222222222,86.15,679.0,5.058413251961639,6.384793964016251,0.36818851251840945,XS__balanced,test,R02_R03,1.0,1.0,1.0,1.0,0.005862371376564231,0.9502931185688281,0.9502931185688281,M0_FIFO_OFFICIAL,0.0,easy,False
GO_XS_BALANCED_03,131.55555555555554,193.04999999999998,12.722222222222221,26.449999999999996,698.0,0.0,1.0340608099995734,47,heuristic_online_replay,M2_PERIODIC_15,XS,balanced,3,,,63.72222222222222,86.15,679.0,1.0645161290322578,1.2408589669181656,0.027982326951399118,XS__balanced,test,R02_R03,0.19434596854831374,0.21044467425025848,0.076,0.0,0.17222593231521313,0.16007815102506645,0.16007815102506645,M0_FIFO_OFFICIAL,0.0,easy,False
GO_XS_BALANCED_03,129.11111111111111,189.15,14.777777777777779,38.449999999999996,698.0,0.0,0.5282291029998305,24,heuristic_online_replay,M2_PERIODIC_30,XS,balanced,3,,,63.72222222222222,86.15,679.0,1.02615518744551,1.195589088798607,0.027982326951399118,XS__balanced,test,R02_R03,0.1872557040269066,0.20286108238538436,0.076,0.0,0.08797814292972972,0.15077924455494054,0.15077924455494054,M0_FIFO_OFFICIAL,0.0,easy,False
GO_XS_BALANCED_03,76.94444444444444,114.44999999999999,11.777777777777779,39.0,698.0,0.0,0.7235539269986475,31,heuristic_online_replay,M3_EVENT_REACTIVE,XS,balanced,3,,,63.72222222222222,86.15,679.0,0.2074978204010462,0.3284968078932093,0.027982326951399118,XS__balanced,test,R02_R03,0.05144986819380053,0.041020337814546705,0.076,0.0,0.12051007876193194,0.050833029078943506,0.050833029078943506,M0_FIFO_OFFICIAL,0.0,easy,True
GO_XS_BALANCED_03,158.4444444444446,302.5999999999999,104.72222222222237,249.4499999999999,698.0,127.25000000000074,6.004094714999155,1,time_limit,Mref_EXACT_XS_S,XS,balanced,3,0.14919354838709634,12.0,63.72222222222222,86.15,679.0,1.4864864864864888,2.512478235635518,0.027982326951399118,XS__balanced,test,R02_R03,0.3935096809380963,0.293864184763875,0.076,0.049121791160008005,1.0,0.3168575817291129,0.3168575817291129,M0_FIFO_OFFICIAL,0.0,easy,False
GO_XS_DISRUPTED_01,140.70833333333334,288.1499999999998,78.91666666666667,223.09999999999985,717.0,34.0,0.0,1,official_release,M0_FIFO_OFFICIAL,XS,disrupted,1,,,140.70833333333334,288.1499999999998,717.0,0.0,0.0,0.0,XS__disrupted,calibration,R01,0.0,0.0,0.0,0.0,0.0,0.0,0.0,M0_FIFO_OFFICIAL,0.0,easy,True
GO_XS_DISRUPTED_01,470.8333333333333,802.25,408.9166666666667,737.55,1041.0,4737.75,0.04564631399989594,1,heuristic_feasible,M1_WEIGHTED_SLACK,XS,disrupted,1,,,140.70833333333334,288.1499999999998,717.0,2.3461652354160494,1.7841402047544699,0.45188284518828453,XS__disrupted,calibration,R01,1.0,1.0,1.0,1.0,0.0076005205950643445,0.9503800260297531,0.9503800260297531,M0_FIFO_OFFICIAL,0.0,easy,False
GO_XS_DISRUPTED_01,242.41666666666666,404.09999999999997,9.708333333333334,28.39999999999999,809.0,367.5,1.5235679549987253,54,heuristic_online_replay,M2_PERIODIC_15,XS,disrupted,1,,,140.70833333333334,288.1499999999998,717.0,0.7228309150133253,0.40239458615304613,0.12831241283124128,XS__disrupted,calibration,R01,0.22553977825325838,0.30809036980941557,0.2839506172839506,0.07090087695987245,0.253687726460767,0.24088255927793834,0.24088255927793834,M0_FIFO_OFFICIAL,0.0,easy,False
GO_XS_DISRUPTED_01,287.3333333333333,454.79999999999995,17.375,49.199999999999974,884.0,1039.0,0.8418660799998179,30,heuristic_online_replay,M2_PERIODIC_30,XS,disrupted,1,,,140.70833333333334,288.1499999999998,717.0,1.0420491560556704,0.5783446121811565,0.23291492329149233,XS__disrupted,calibration,R01,0.32415872398366097,0.444149943203332,0.5154320987654321,0.213659314376827,0.14017825139921025,0.36259857041593846,0.36259857041593846,M0_FIFO_OFFICIAL,0.0,easy,False
GO_XS_DISRUPTED_01,245.70833333333334,435.65,78.70833333333333,249.44999999999993,855.0,473.0,1.126087495998945,39,heuristic_online_replay,M3_EVENT_REACTIVE,XS,disrupted,1,,,140.70833333333334,288.1499999999998,717.0,0.7462244595795083,0.5118861703973634,0.19246861924686193,XS__disrupted,calibration,R01,0.2869091616417042,0.31806134040136314,0.42592592592592593,0.09332979006112145,0.18750366579881853,0.2912215090240496,0.2912215090240496,M0_FIFO_OFFICIAL,0.0,easy,False
GO_XS_DISRUPTED_01,301.74999941666664,434.54999915,239.58333274999998,377.54999915,827.999999,1388.7499897500002,6.0056825619994925,1,time_limit,Mref_EXACT_XS_S,XS,disrupted,1,0.3268972813586545,12.0,140.70833333333334,288.1499999999998,717.0,1.1445069546935147,0.5080687112614968,0.1548117140864714,XS__disrupted,calibration,R01,0.28476949844388283,0.48782026833270214,0.34259258950617283,0.28801487956417754,1.0,0.3802917177652665,0.3802917177652665,M0_FIFO_OFFICIAL,0.0,easy,False
GO_XS_DISRUPTED_02,148.70833333333334,246.94999999999993,89.0,192.39999999999995,715.0,0.0,0.0,1,official_release,M0_FIFO_OFFICIAL,XS,disrupted,2,,,148.70833333333334,246.94999999999993,715.0,0.0,0.0,0.0,XS__disrupted,test,R02_R03,0.0,0.0,0.0,0.0,0.0,0.0,0.0,M0_FIFO_OFFICIAL,0.0,easy,True
GO_XS_DISRUPTED_02,615.8333333333334,954.4499999999999,555.9166666666666,898.6999999999999,1198.0,7569.75,0.04442819799987774,1,heuristic_feasible,M1_WEIGHTED_SLACK,XS,disrupted,2,,,148.70833333333334,246.94999999999993,715.0,3.1412160268982907,2.8649524195181217,0.6755244755244755,XS__disrupted,test,R02_R03,1.0,1.0,1.0,1.0,0.007397893025560916,0.950369894651278,0.950369894651278,M0_FIFO_OFFICIAL,0.0,easy,False
GO_XS_DISRUPTED_02,226.95833333333334,327.2,11.125,22.849999999999998,781.0,66.0,1.4544698350000544,52,heuristic_online_replay,M2_PERIODIC_15,XS,disrupted,2,,,148.70833333333334,246.94999999999993,715.0,0.5261978145138694,0.3249645677262607,0.09230769230769231,XS__disrupted,test,R02_R03,0.1134275618374559,0.16751404870216752,0.13664596273291926,0.008718914098880412,0.24218880649323768,0.12639914114688486,0.12639914114688486,M0_FIFO_OFFICIAL,0.0,easy,True
GO_XS_DISRUPTED_02,268.6666666666667,402.99999999999994,28.291666666666668,66.79999999999994,820.0,335.75,0.8221229230002791,28,heuristic_online_replay,M2_PERIODIC_30,XS,disrupted,2,,,148.70833333333334,246.94999999999993,715.0,0.8066685346035304,0.6319092933792267,0.14685314685314685,XS__disrupted,test,R02_R03,0.220565371024735,0.25680135581125685,0.21739130434782608,0.04435417285907725,0.13689453347250896,0.20734359552565207,0.20734359552565207,M0_FIFO_OFFICIAL,0.0,easy,False
GO_XS_DISRUPTED_02,224.79166666666666,326.34999999999997,30.25,93.94999999999995,750.0,3.0,1.1855758440015052,37,heuristic_online_replay,M3_EVENT_REACTIVE,XS,disrupted,2,,,148.70833333333334,246.94999999999993,715.0,0.511627906976744,0.32152257542012574,0.04895104895104895,XS__disrupted,test,R02_R03,0.11222614840989405,0.16287574703416283,0.07246376811594203,0.0003963142772218369,0.19741433734576333,0.11200061705539469,0.11200061705539469,M0_FIFO_OFFICIAL,0.0,easy,True
GO_XS_DISRUPTED_02,319.125,506.15000000000043,259.0833333333333,444.75000000000045,842.0,1173.0000000000018,6.005520470000192,1,time_limit,Mref_EXACT_XS_S,XS,disrupted,2,0.4207752889928326,12.0,148.70833333333334,246.94999999999993,715.0,1.1459792659008123,1.0496051832354751,0.17762237762237762,XS__disrupted,test,R02_R03,0.36636042402826924,0.3648202658103648,0.2629399585921325,0.15495888239373848,1.0,0.3610041392935061,0.3610041392935061,M0_FIFO_OFFICIAL,0.0,easy,False
GO_XS_DISRUPTED_03,189.83333333333334,310.25,122.70833333333333,249.25,693.0,53.0,0.0,1,official_release,M0_FIFO_OFFICIAL,XS,disrupted,3,,,189.83333333333334,310.25,693.0,0.0,0.0,0.0,XS__disrupted,test,R02_R03,0.0,0.0,0.0,0.0,0.0,0.0,0.0,M0_FIFO_OFFICIAL,0.0,easy,True
GO_XS_DISRUPTED_03,487.0416666666667,915.9499999999999,419.7916666666667,848.55,1016.0,5081.75,0.0441982789998292,1,heuristic_feasible,M1_WEIGHTED_SLACK,XS,disrupted,3,,,189.83333333333334,310.25,693.0,1.5656277436347674,1.9522965350523769,0.4660894660894661,XS__disrupted,test,R02_R03,1.0,0.8808347740182764,1.0,0.8342319177173192,0.00735869610236894,0.9039998200814195,0.9039998200814195,M0_FIFO_OFFICIAL,0.0,easy,False
GO_XS_DISRUPTED_03,293.5,407.79999999999995,12.208333333333334,28.549999999999994,839.0,336.0,1.6218170310003188,56,heuristic_online_replay,M2_PERIODIC_15,XS,disrupted,3,,,189.83333333333334,310.25,693.0,0.5460930640913081,0.31442385173247367,0.2106782106782107,XS__disrupted,test,R02_R03,0.16105332672940395,0.3072363546554705,0.4520123839009288,0.04694757796947578,0.2700208907415543,0.23528074561126402,0.23528074561126402,M0_FIFO_OFFICIAL,0.0,easy,False
GO_XS_DISRUPTED_03,318.4583333333333,462.49999999999994,26.5,42.699999999999996,876.0,784.25,0.8974587969987624,30,heuristic_online_replay,M2_PERIODIC_30,XS,disrupted,3,,,189.83333333333334,310.25,693.0,0.6775680421422299,0.49073327961321495,0.26406926406926406,XS__disrupted,test,R02_R03,0.2513620604259534,0.3812052358607063,0.56656346749226,0.12130889183808892,0.14942044579466615,0.3130006677542368,0.3130006677542368,M0_FIFO_OFFICIAL,0.0,easy,False
GO_XS_DISRUPTED_03,303.5833333333333,450.84999999999997,45.625,120.29999999999995,810.0,523.0,1.1352266210014932,36,heuristic_online_replay,M3_EVENT_REACTIVE,XS,disrupted,3,,,189.83333333333334,310.25,693.0,0.5992098331870059,0.4531829170024173,0.16883116883116883,XS__disrupted,test,R02_R03,0.23212811622915633,0.33712027661150895,0.3622291021671827,0.07796947577969476,0.1890070812780161,0.26031938842294533,0.26031938842294533,M0_FIFO_OFFICIAL,0.0,easy,False
GO_XS_DISRUPTED_03,527.25,686.75,459.625,620.1999999999999,953.0,6081.0,6.0062650210002175,1,time_limit,Mref_EXACT_XS_S,XS,disrupted,3,0.6066225165562914,12.0,189.83333333333334,310.25,693.0,1.7774363476733974,1.2135374697824335,0.37518037518037517,XS__disrupted,test,R02_R03,0.6215948489351165,1.0,0.804953560371517,1.0,1.0,0.80046071607653,0.80046071607653,M0_FIFO_OFFICIAL,0.0,easy,False
GO_XS_PEAK_01,83.75,141.14999999999995,26.083333333333332,82.04999999999997,642.0,0.0,0.0,1,official_release,M0_FIFO_OFFICIAL,XS,peak,1,,,83.75,141.14999999999995,642.0,0.0,0.0,0.0,XS__peak,calibration,R01,0.0,0.0,0.0,0.0,0.0,0.0,0.0,M0_FIFO_OFFICIAL,0.0,easy,True
GO_XS_PEAK_01,495.4583333333333,772.7499999999999,437.7916666666667,716.9999999999999,1102.0,5676.75,0.044403963000149815,1,heuristic_feasible,M1_WEIGHTED_SLACK,XS,peak,1,,,83.75,141.14999999999995,642.0,4.91592039800995,4.4746723343960335,0.7165109034267912,XS__peak,calibration,R01,1.0,1.0,1.0,1.0,0.0073930925362076134,0.9503696546268103,0.9503696546268103,M0_FIFO_OFFICIAL,0.0,easy,False
GO_XS_PEAK_01,157.125,255.25,9.041666666666666,28.949999999999985,716.0,0.0,1.3582571549995919,48,heuristic_online_replay,M2_PERIODIC_15,XS,peak,1,,,83.75,141.14999999999995,642.0,0.8761194029850746,0.8083599008147367,0.11526479750778816,XS__peak,calibration,R01,0.18065231158961378,0.17822082785143206,0.1608695652173913,0.0,0.226144698725296,0.1612864168970577,0.1612864168970577,M0_FIFO_OFFICIAL,0.0,easy,False
GO_XS_PEAK_01,149.66666666666666,247.74999999999991,21.375,48.849999999999994,707.0,0.0,0.6436624640009541,24,heuristic_online_replay,M2_PERIODIC_30,XS,peak,1,,,83.75,141.14999999999995,642.0,0.7870646766169153,0.7552249380092101,0.10124610591900311,XS__peak,calibration,R01,0.16877770740975298,0.1601052525048072,0.14130434782608695,0.0,0.10716737509276818,0.14253030238914208,0.14253030238914208,M0_FIFO_OFFICIAL,0.0,easy,True
GO_XS_PEAK_01,108.375,200.39999999999998,19.416666666666668,57.09999999999999,701.0,0.0,1.0157324169995263,38,heuristic_online_replay,M3_EVENT_REACTIVE,XS,peak,1,,,83.75,141.14999999999995,642.0,0.29402985074626864,0.41976620616365606,0.09190031152647975,XS__peak,calibration,R01,0.09380937302089937,0.059811759943325576,0.1282608695652174,0.0,0.1691156203980708,0.08486206929992227,0.08486206929992227,M0_FIFO_OFFICIAL,0.0,easy,True
GO_XS_PEAK_01,278.54166666666606,458.5999999999941,220.58333333333294,399.0499999999994,824.9999999999997,1269.7499999999895,6.006141919999209,1,time_limit,Mref_EXACT_XS_S,XS,peak,1,0.31454348507303337,12.0,83.75,141.14999999999995,642.0,2.325870646766162,2.2490258590151915,0.2850467289719621,XS__peak,calibration,R01,0.5026124129195602,0.4731302499746975,0.397826086956521,0.22367551856255596,1.0,0.4764996132072102,0.4764996132072102,M0_FIFO_OFFICIAL,0.0,easy,False
GO_XS_PEAK_02,79.5,106.85,18.833333333333332,47.79999999999998,665.0,0.0,0.0,1,official_release,M0_FIFO_OFFICIAL,XS,peak,2,,,79.5,106.85,665.0,0.0,0.0,0.0,XS__peak,test,R02_R03,0.0,0.0,0.0,0.0,0.0,0.0,0.0,M0_FIFO_OFFICIAL,0.0,easy,True
GO_XS_PEAK_02,610.375,1118.8,549.2083333333334,1053.3,1250.0,8226.0,0.044416234999516746,1,heuristic_feasible,M1_WEIGHTED_SLACK,XS,peak,2,,,79.5,106.85,665.0,6.677672955974843,9.470753392606458,0.8796992481203008,XS__peak,test,R02_R03,1.0,1.0,1.0,1.0,0.007395412674484237,0.9503697706337242,0.9503697706337242,M0_FIFO_OFFICIAL,0.0,easy,False
GO_XS_PEAK_02,155.625,210.7,8.708333333333334,21.549999999999994,743.0,0.0,1.173235157999443,50,heuristic_online_replay,M2_PERIODIC_15,XS,peak,2,,,79.5,106.85,665.0,0.9575471698113207,0.9719232569021994,0.11729323308270677,XS__peak,test,R02_R03,0.10262364741340975,0.14339533788556627,0.13333333333333333,0.0,0.19534654744405955,0.11179680317962894,0.11179680317962894,M0_FIFO_OFFICIAL,0.0,easy,True
GO_XS_PEAK_02,149.29166666666666,200.25,18.916666666666668,52.0,739.0,0.0,0.8220442849997198,25,heuristic_online_replay,M2_PERIODIC_30,XS,peak,2,,,79.5,106.85,665.0,0.8778825995807127,0.8741226017781938,0.11127819548872181,XS__peak,test,R02_R03,0.09229705024951827,0.13146534808884702,0.1264957264957265,0.0,0.13687240092142894,0.1002179886549254,0.1002179886549254,M0_FIFO_OFFICIAL,0.0,easy,True
GO_XS_PEAK_02,128.33333333333334,199.74999999999997,45.375,131.49999999999994,733.0,28.0,0.7242825480007014,33,heuristic_online_replay,M3_EVENT_REACTIVE,XS,peak,2,,,79.5,106.85,665.0,0.6142557651991616,0.8694431445952268,0.10225563909774436,XS__peak,test,R02_R03,0.0918029546914373,0.09198650027470373,0.11623931623931624,0.0034038414782397277,0.12059483059404748,0.0881139777932465,0.0881139777932465,M0_FIFO_OFFICIAL,0.0,easy,True
GO_XS_PEAK_02,346.9583324166667,535.5999989999999,286.16666575,483.89999899999987,911.999999,1859.99998175,6.005917039999986,1,time_limit,Mref_EXACT_XS_S,XS,peak,2,0.4184493573854294,12.0,79.5,106.85,665.0,3.3642557536687634,4.012634525035095,0.37142856992481205,XS__peak,test,R02_R03,0.4236869400662087,0.5038066068597442,0.4222222205128205,0.22611232455020666,1.0,0.4525553402766737,0.4525553402766737,M0_FIFO_OFFICIAL,0.0,easy,False
GO_XS_PEAK_03,107.33333333333333,197.04999999999998,47.958333333333336,143.39999999999995,656.0,0.0,0.0,1,official_release,M0_FIFO_OFFICIAL,XS,peak,3,,,107.33333333333333,197.04999999999998,656.0,0.0,0.0,0.0,XS__peak,test,R02_R03,0.0,0.0,0.0,0.0,0.0,0.0,0.0,M0_FIFO_OFFICIAL,0.0,easy,True
GO_XS_PEAK_03,436.875,941.05,377.7916666666667,887.55,1103.0,4445.75,0.04417291100071452,1,heuristic_feasible,M1_WEIGHTED_SLACK,XS,peak,3,,,107.33333333333333,197.04999999999998,656.0,3.07026397515528,3.775691448870845,0.6814024390243902,XS__peak,test,R02_R03,1.0,1.0,1.0,1.0,0.007353825957943638,0.9503676912978971,0.9503676912978971,M0_FIFO_OFFICIAL,0.0,easy,False
GO_XS_PEAK_03,177.75,250.85,9.791666666666666,27.699999999999996,742.0,0.0,1.4024793280004815,50,heuristic_online_replay,M2_PERIODIC_15,XS,peak,3,,,107.33333333333333,197.04999999999998,656.0,0.6560559006211181,0.2730271504694241,0.13109756097560976,XS__peak,test,R02_R03,0.07231182795698926,0.21368061701858643,0.19239373601789708,0.0,0.2334822101165681,0.12649364774380473,0.12649364774380473,M0_FIFO_OFFICIAL,0.0,easy,True
GO_XS_PEAK_03,169.20833333333334,251.95,22.375,49.0,697.0,0.0,0.6532744329997513,24,heuristic_online_replay,M2_PERIODIC_30,XS,peak,3,,,107.33333333333333,197.04999999999998,656.0,0.5764751552795032,0.2786094899771632,0.0625,XS__peak,test,R02_R03,0.07379032258064516,0.18776077885952716,0.09172259507829977,0.0,0.10875594055770459,0.09934202616580232,0.09934202616580232,M0_FIFO_OFFICIAL,0.0,easy,True
GO_XS_PEAK_03,149.5,228.69999999999996,24.958333333333332,77.85,671.0,0.0,1.1285233959988545,36,heuristic_online_replay,M3_EVENT_REACTIVE,XS,peak,3,,,107.33333333333333,197.04999999999998,656.0,0.3928571428571429,0.16061913219994914,0.022865853658536585,XS__peak,test,R02_R03,0.04254032258064513,0.12795549374130738,0.03355704697986577,0.0,0.1878745243551833,0.06555930186135618,0.06555930186135618,M0_FIFO_OFFICIAL,0.0,easy,True
GO_XS_PEAK_03,181.4166666666666,282.54999999999995,121.87499999999996,219.39999999999995,819.0,22.7499999999998,6.0067930969999,1,time_limit,Mref_EXACT_XS_S,XS,peak,3,0.17441860465116266,12.0,107.33333333333333,197.04999999999998,656.0,0.6902173913043472,0.43390002537427036,0.24847560975609756,XS__peak,test,R02_R03,0.11491935483870964,0.22480718169174338,0.36465324384787473,0.0051172468087498845,1.0,0.21312521635841142,0.21312521635841142,M0_FIFO_OFFICIAL,0.0,easy,False
