job_id,op_seq,machine_id,stage_name,proc_time_nominal_min,proc_time_observed_min,machine_latent_log,shift_latent_log,instance_latent_log,regime_log,congestion_log,commodity_log,moisture_log,idio_log,additive_pause_min,arrival_congestion_score,shift_bucket,commodity,moisture_class
J0001,1,WB1,WEIGH_IN,7,8,0.04024,-0.01136,0.01407,0.02,0.01007,0.0,0.0,0.01333,0,0.50328,EARLY,SOY,NORMAL
J0001,1,WB2,WEIGH_IN,7,7,-0.01104,-0.01136,0.01407,0.02,0.01007,0.0,0.0,0.00675,0,0.50328,EARLY,SOY,NORMAL
J0001,2,LAB1,SAMPLE_CLASSIFY,11,13,-0.02028,0.07102,0.00293,0.03,0.01761,0.02,0.0,0.01053,0,0.50328,EARLY,SOY,NORMAL
J0001,2,LAB2,SAMPLE_CLASSIFY,14,17,0.05211,0.07102,0.00293,0.03,0.01761,0.02,0.0,0.02796,0,0.50328,EARLY,SOY,NORMAL
J0001,3,HOP1,UNLOAD,26,27,-0.11306,-0.00587,0.01404,0.04,0.02516,0.01,0.0,0.02216,1,0.50328,EARLY,SOY,NORMAL
J0001,3,HOP3,UNLOAD,24,31,0.0841,-0.00587,0.01404,0.04,0.02516,0.01,0.0,0.09938,0,0.50328,EARLY,SOY,NORMAL
J0001,4,WB1,WEIGH_OUT,6,6,0.04024,-0.00344,-0.00672,0.015,0.00755,0.0,0.0,-0.00712,0,0.50328,EARLY,SOY,NORMAL
J0001,4,WB2,WEIGH_OUT,6,6,-0.01104,-0.00344,-0.00672,0.015,0.00755,0.0,0.0,-0.03166,0,0.50328,EARLY,SOY,NORMAL
J0002,1,WB1,WEIGH_IN,7,8,0.04024,-0.01136,0.01407,0.02,0.01089,0.0,0.0,0.01479,0,0.54461,EARLY,SOY,NORMAL
J0002,1,WB2,WEIGH_IN,8,8,-0.01104,-0.01136,0.01407,0.02,0.01089,0.0,0.0,0.0004,0,0.54461,EARLY,SOY,NORMAL
J0002,2,LAB1,SAMPLE_CLASSIFY,13,15,-0.02028,0.07102,0.00293,0.03,0.01906,0.02,0.0,0.03649,0,0.54461,EARLY,SOY,NORMAL
J0002,2,LAB2,SAMPLE_CLASSIFY,13,17,0.05211,0.07102,0.00293,0.03,0.01906,0.02,0.0,-0.0057,1,0.54461,EARLY,SOY,NORMAL
J0002,3,HOP1,UNLOAD,26,26,-0.11306,-0.00587,0.01404,0.04,0.02723,0.01,0.0,-0.03909,2,0.54461,EARLY,SOY,NORMAL
J0002,3,HOP3,UNLOAD,24,27,0.0841,-0.00587,0.01404,0.04,0.02723,0.01,0.0,-0.04732,0,0.54461,EARLY,SOY,NORMAL
J0002,4,WB1,WEIGH_OUT,6,6,0.04024,-0.00344,-0.00672,0.015,0.00817,0.0,0.0,-0.02222,0,0.54461,EARLY,SOY,NORMAL
J0002,4,WB2,WEIGH_OUT,6,6,-0.01104,-0.00344,-0.00672,0.015,0.00817,0.0,0.0,-0.02513,0,0.54461,EARLY,SOY,NORMAL
J0003,1,WB1,WEIGH_IN,8,9,0.04024,-0.01136,0.01407,0.02,0.01343,0.0,0.0,0.07007,0,0.67154,EARLY,SORGHUM,NORMAL
J0003,1,WB2,WEIGH_IN,7,7,-0.01104,-0.01136,0.01407,0.02,0.01343,0.0,0.0,-0.00939,0,0.67154,EARLY,SORGHUM,NORMAL
J0003,2,LAB1,SAMPLE_CLASSIFY,10,11,-0.02028,0.07102,0.00293,0.03,0.0235,0.01,0.0,0.00315,0,0.67154,EARLY,SORGHUM,NORMAL
J0003,2,LAB2,SAMPLE_CLASSIFY,11,14,0.05211,0.07102,0.00293,0.03,0.0235,0.01,0.0,0.03477,0,0.67154,EARLY,SORGHUM,NORMAL
J0003,3,HOP2,UNLOAD,27,35,-0.00701,-0.00587,0.01404,0.04,0.03358,0.015,0.0,0.06681,3,0.67154,EARLY,SORGHUM,NORMAL
J0003,3,HOP3,UNLOAD,22,26,0.0841,-0.00587,0.01404,0.04,0.03358,0.015,0.0,-0.01663,0,0.67154,EARLY,SORGHUM,NORMAL
J0003,4,WB1,WEIGH_OUT,6,6,0.04024,-0.00344,-0.00672,0.015,0.01007,0.0,0.0,-0.01689,0,0.67154,EARLY,SORGHUM,NORMAL
J0003,4,WB2,WEIGH_OUT,6,6,-0.01104,-0.00344,-0.00672,0.015,0.01007,0.0,0.0,0.00438,0,0.67154,EARLY,SORGHUM,NORMAL
J0004,1,WB1,WEIGH_IN,7,8,0.04024,-0.01136,0.01407,0.02,0.01538,0.0,0.0,0.00166,0,0.76895,EARLY,SORGHUM,WET
J0004,1,WB2,WEIGH_IN,8,8,-0.01104,-0.01136,0.01407,0.02,0.01538,0.0,0.0,-0.02472,0,0.76895,EARLY,SORGHUM,WET
J0004,2,LAB1,SAMPLE_CLASSIFY,12,14,-0.02028,0.07102,0.00293,0.03,0.02691,0.01,0.045,0.0081,0,0.76895,EARLY,SORGHUM,WET
J0004,2,LAB2,SAMPLE_CLASSIFY,12,14,0.05211,0.07102,0.00293,0.03,0.02691,0.01,0.045,-0.05255,0,0.76895,EARLY,SORGHUM,WET
J0004,3,HOP2,UNLOAD,29,35,-0.00701,-0.00587,0.01404,0.04,0.03845,0.015,0.028,0.06255,0,0.76895,EARLY,SORGHUM,WET
J0004,3,HOP3,UNLOAD,24,33,0.0841,-0.00587,0.01404,0.04,0.03845,0.015,0.028,0.10414,0,0.76895,EARLY,SORGHUM,WET
J0004,4,WB1,WEIGH_OUT,6,6,0.04024,-0.00344,-0.00672,0.015,0.01153,0.0,0.0,-0.02408,0,0.76895,EARLY,SORGHUM,WET
J0004,4,WB2,WEIGH_OUT,6,6,-0.01104,-0.00344,-0.00672,0.015,0.01153,0.0,0.0,0.00747,0,0.76895,EARLY,SORGHUM,WET
J0005,1,WB1,WEIGH_IN,7,7,0.04024,-0.01136,0.01407,0.02,0.01936,0.0,0.0,-0.03462,0,0.96819,EARLY,CORN,NORMAL
J0005,1,WB2,WEIGH_IN,8,8,-0.01104,-0.01136,0.01407,0.02,0.01936,0.0,0.0,0.00489,0,0.96819,EARLY,CORN,NORMAL
J0005,2,LAB1,SAMPLE_CLASSIFY,10,11,-0.02028,0.07102,0.00293,0.03,0.03389,0.0,0.0,-0.00633,0,0.96819,EARLY,CORN,NORMAL
J0005,2,LAB2,SAMPLE_CLASSIFY,13,16,0.05211,0.07102,0.00293,0.03,0.03389,0.0,0.0,-0.00322,0,0.96819,EARLY,CORN,NORMAL
J0005,3,HOP1,UNLOAD,24,23,-0.11306,-0.00587,0.01404,0.04,0.04841,0.0,0.0,-0.02253,0,0.96819,EARLY,CORN,NORMAL
J0005,3,HOP2,UNLOAD,27,30,-0.00701,-0.00587,0.01404,0.04,0.04841,0.0,0.0,0.02962,0,0.96819,EARLY,CORN,NORMAL
J0005,3,HOP3,UNLOAD,22,26,0.0841,-0.00587,0.01404,0.04,0.04841,0.0,0.0,-0.00843,0,0.96819,EARLY,CORN,NORMAL
J0005,4,WB1,WEIGH_OUT,6,6,0.04024,-0.00344,-0.00672,0.015,0.01452,0.0,0.0,0.01763,0,0.96819,EARLY,CORN,NORMAL
J0005,4,WB2,WEIGH_OUT,6,6,-0.01104,-0.00344,-0.00672,0.015,0.01452,0.0,0.0,-0.02121,0,0.96819,EARLY,CORN,NORMAL
J0006,1,WB1,WEIGH_IN,7,8,0.04024,-0.01136,0.01407,0.02,0.01957,0.0,0.0,-0.00643,0,0.97853,EARLY,SORGHUM,NORMAL
J0006,1,WB2,WEIGH_IN,8,10,-0.01104,-0.01136,0.01407,0.02,0.01957,0.0,0.0,0.01745,2,0.97853,EARLY,SORGHUM,NORMAL
J0006,2,LAB1,SAMPLE_CLASSIFY,9,10,-0.02028,0.07102,0.00293,0.03,0.03425,0.01,0.0,0.01464,0,0.97853,EARLY,SORGHUM,NORMAL
J0006,2,LAB2,SAMPLE_CLASSIFY,11,13,0.05211,0.07102,0.00293,0.03,0.03425,0.01,0.0,-0.01028,0,0.97853,EARLY,SORGHUM,NORMAL
J0006,3,HOP2,UNLOAD,27,28,-0.00701,-0.00587,0.01404,0.04,0.04893,0.015,0.0,-0.07454,0,0.97853,EARLY,SORGHUM,NORMAL
J0006,3,HOP3,UNLOAD,22,28,0.0841,-0.00587,0.01404,0.04,0.04893,0.015,0.0,0.04025,0,0.97853,EARLY,SORGHUM,NORMAL
J0006,4,WB1,WEIGH_OUT,6,6,0.04024,-0.00344,-0.00672,0.015,0.01468,0.0,0.0,0.00554,0,0.97853,EARLY,SORGHUM,NORMAL
J0006,4,WB2,WEIGH_OUT,6,6,-0.01104,-0.00344,-0.00672,0.015,0.01468,0.0,0.0,0.00655,0,0.97853,EARLY,SORGHUM,NORMAL
J0007,1,WB1,WEIGH_IN,7,7,0.04024,-0.01136,0.01407,0.02,0.01972,0.0,0.0,-0.02396,0,0.98591,EARLY,SORGHUM,WET
J0007,1,WB2,WEIGH_IN,7,7,-0.01104,-0.01136,0.01407,0.02,0.01972,0.0,0.0,-0.03538,0,0.98591,EARLY,SORGHUM,WET
J0007,2,LAB1,SAMPLE_CLASSIFY,12,14,-0.02028,0.07102,0.00293,0.03,0.03451,0.01,0.045,-0.01861,0,0.98591,EARLY,SORGHUM,WET
J0007,2,LAB2,SAMPLE_CLASSIFY,14,18,0.05211,0.07102,0.00293,0.03,0.03451,0.01,0.045,-0.01719,0,0.98591,EARLY,SORGHUM,WET
J0007,3,HOP2,UNLOAD,28,34,-0.00701,-0.00587,0.01404,0.04,0.0493,0.015,0.028,0.05083,0,0.98591,EARLY,SORGHUM,WET
J0007,3,HOP3,UNLOAD,23,31,0.0841,-0.00587,0.01404,0.04,0.0493,0.015,0.028,0.0787,0,0.98591,EARLY,SORGHUM,WET
J0007,4,WB1,WEIGH_OUT,6,6,0.04024,-0.00344,-0.00672,0.015,0.01479,0.0,0.0,-0.01834,0,0.98591,EARLY,SORGHUM,WET
J0007,4,WB2,WEIGH_OUT,6,6,-0.01104,-0.00344,-0.00672,0.015,0.01479,0.0,0.0,-0.02672,0,0.98591,EARLY,SORGHUM,WET
J0008,1,WB1,WEIGH_IN,6,6,0.04024,-0.01136,0.01407,0.02,0.01998,0.0,0.0,-0.02144,0,0.99919,EARLY,SORGHUM,WET
J0008,1,WB2,WEIGH_IN,7,7,-0.01104,-0.01136,0.01407,0.02,0.01998,0.0,0.0,0.01055,0,0.99919,EARLY,SORGHUM,WET
J0008,2,LAB1,SAMPLE_CLASSIFY,12,15,-0.02028,0.07102,0.00293,0.03,0.03497,0.01,0.045,0.04007,0,0.99919,EARLY,SORGHUM,WET
J0008,2,LAB2,SAMPLE_CLASSIFY,14,19,0.05211,0.07102,0.00293,0.03,0.03497,0.01,0.045,0.0338,0,0.99919,EARLY,SORGHUM,WET
J0008,3,HOP2,UNLOAD,26,30,-0.00701,-0.00587,0.01404,0.04,0.04996,0.015,0.028,-0.03792,1,0.99919,EARLY,SORGHUM,WET
J0008,3,HOP3,UNLOAD,22,26,0.0841,-0.00587,0.01404,0.04,0.04996,0.015,0.028,-0.04043,0,0.99919,EARLY,SORGHUM,WET
J0008,4,WB1,WEIGH_OUT,6,6,0.04024,-0.00344,-0.00672,0.015,0.01499,0.0,0.0,-0.01111,0,0.99919,EARLY,SORGHUM,WET
J0008,4,WB2,WEIGH_OUT,6,6,-0.01104,-0.00344,-0.00672,0.015,0.01499,0.0,0.0,0.01879,0,0.99919,EARLY,SORGHUM,WET
J0009,1,WB1,WEIGH_IN,7,7,0.04024,-0.01136,0.01407,0.02,0.02031,0.0,0.0,-0.1032,0,1.01542,EARLY,CORN,DRY
J0009,1,WB2,WEIGH_IN,7,7,-0.01104,-0.01136,0.01407,0.02,0.02031,0.0,0.0,-0.01455,0,1.01542,EARLY,CORN,DRY
J0009,2,LAB1,SAMPLE_CLASSIFY,10,11,-0.02028,0.07102,0.00293,0.03,0.03554,0.0,-0.02,0.02819,0,1.01542,EARLY,CORN,DRY
J0009,2,LAB2,SAMPLE_CLASSIFY,12,15,0.05211,0.07102,0.00293,0.03,0.03554,0.0,-0.02,0.05277,0,1.01542,EARLY,CORN,DRY
J0009,3,HOP1,UNLOAD,25,24,-0.11306,-0.00587,0.01404,0.04,0.05077,0.0,-0.01,-0.00275,0,1.01542,EARLY,CORN,DRY
J0009,3,HOP2,UNLOAD,28,30,-0.00701,-0.00587,0.01404,0.04,0.05077,0.0,-0.01,-0.00047,0,1.01542,EARLY,CORN,DRY
J0009,3,HOP3,UNLOAD,23,28,0.0841,-0.00587,0.01404,0.04,0.05077,0.0,-0.01,0.02876,0,1.01542,EARLY,CORN,DRY
J0009,4,WB1,WEIGH_OUT,6,6,0.04024,-0.00344,-0.00672,0.015,0.01523,0.0,0.0,0.01929,0,1.01542,EARLY,CORN,DRY
J0009,4,WB2,WEIGH_OUT,7,7,-0.01104,-0.00344,-0.00672,0.015,0.01523,0.0,0.0,0.00164,0,1.01542,EARLY,CORN,DRY
J0010,1,WB1,WEIGH_IN,7,8,0.04024,-0.01136,0.01407,0.02,0.02031,0.0,0.0,0.00682,0,1.01542,EARLY,CORN,NORMAL
J0010,1,WB2,WEIGH_IN,8,8,-0.01104,-0.01136,0.01407,0.02,0.02031,0.0,0.0,-0.00545,0,1.01542,EARLY,CORN,NORMAL
J0010,2,LAB1,SAMPLE_CLASSIFY,11,12,-0.02028,0.07102,0.00293,0.03,0.03554,0.0,0.0,-0.01088,0,1.01542,EARLY,CORN,NORMAL
J0010,2,LAB2,SAMPLE_CLASSIFY,11,13,0.05211,0.07102,0.00293,0.03,0.03554,0.0,0.0,-0.06102,0,1.01542,EARLY,CORN,NORMAL
J0010,3,HOP1,UNLOAD,24,24,-0.11306,-0.00587,0.01404,0.04,0.05077,0.0,0.0,0.01466,0,1.01542,EARLY,CORN,NORMAL
J0010,3,HOP2,UNLOAD,26,30,-0.00701,-0.00587,0.01404,0.04,0.05077,0.0,0.0,0.04222,0,1.01542,EARLY,CORN,NORMAL
J0010,3,HOP3,UNLOAD,22,27,0.0841,-0.00587,0.01404,0.04,0.05077,0.0,0.0,0.02696,0,1.01542,EARLY,CORN,NORMAL
J0010,4,WB1,WEIGH_OUT,6,6,0.04024,-0.00344,-0.00672,0.015,0.01523,0.0,0.0,-0.05095,0,1.01542,EARLY,CORN,NORMAL
J0010,4,WB2,WEIGH_OUT,6,7,-0.01104,-0.00344,-0.00672,0.015,0.01523,0.0,0.0,0.00856,1,1.01542,EARLY,CORN,NORMAL
J0011,1,WB1,WEIGH_IN,7,8,0.04024,-0.01136,0.01407,0.02,0.0199,0.0,0.0,0.01653,0,0.99476,EARLY,SOY,WET
J0011,1,WB2,WEIGH_IN,8,8,-0.01104,-0.01136,0.01407,0.02,0.0199,0.0,0.0,-0.00368,0,0.99476,EARLY,SOY,WET
J0011,2,LAB1,SAMPLE_CLASSIFY,13,15,-0.02028,0.07102,0.00293,0.03,0.03482,0.02,0.045,-0.04798,0,0.99476,EARLY,SOY,WET
J0011,2,LAB2,SAMPLE_CLASSIFY,14,19,0.05211,0.07102,0.00293,0.03,0.03482,0.02,0.045,0.03514,0,0.99476,EARLY,SOY,WET
J0011,3,HOP1,UNLOAD,28,31,-0.11306,-0.00587,0.01404,0.04,0.04974,0.01,0.028,0.0688,0,0.99476,EARLY,SOY,WET
J0011,3,HOP3,UNLOAD,26,33,0.0841,-0.00587,0.01404,0.04,0.04974,0.01,0.028,0.01451,0,0.99476,EARLY,SOY,WET
J0011,4,WB1,WEIGH_OUT,6,6,0.04024,-0.00344,-0.00672,0.015,0.01492,0.0,0.0,0.00139,0,0.99476,EARLY,SOY,WET
J0011,4,WB2,WEIGH_OUT,6,7,-0.01104,-0.00344,-0.00672,0.015,0.01492,0.0,0.0,0.07313,0,0.99476,EARLY,SOY,WET
J0012,1,WB1,WEIGH_IN,7,7,0.04024,-0.01136,0.01407,0.02,0.0199,0.0,0.0,-0.02457,0,0.99476,EARLY,SOY,NORMAL
J0012,1,WB2,WEIGH_IN,7,9,-0.01104,-0.01136,0.01407,0.02,0.0199,0.0,0.0,0.00485,2,0.99476,EARLY,SOY,NORMAL
J0012,2,LAB1,SAMPLE_CLASSIFY,11,12,-0.02028,0.07102,0.00293,0.03,0.03482,0.02,0.0,-0.04994,0,0.99476,EARLY,SOY,NORMAL
J0012,2,LAB2,SAMPLE_CLASSIFY,12,16,0.05211,0.07102,0.00293,0.03,0.03482,0.02,0.0,-0.12109,3,0.99476,EARLY,SOY,NORMAL
J0012,3,HOP1,UNLOAD,28,27,-0.11306,-0.00587,0.01404,0.04,0.04974,0.01,0.0,-0.03286,0,0.99476,EARLY,SOY,NORMAL
J0012,3,HOP3,UNLOAD,26,29,0.0841,-0.00587,0.01404,0.04,0.04974,0.01,0.0,-0.08441,0,0.99476,EARLY,SOY,NORMAL
J0012,4,WB1,WEIGH_OUT,6,6,0.04024,-0.00344,-0.00672,0.015,0.01492,0.0,0.0,0.00709,0,0.99476,EARLY,SOY,NORMAL
J0012,4,WB2,WEIGH_OUT,7,7,-0.01104,-0.00344,-0.00672,0.015,0.01492,0.0,0.0,-0.05434,0,0.99476,EARLY,SOY,NORMAL
J0013,1,WB1,WEIGH_IN,7,7,0.04024,-0.01136,0.01407,0.02,0.01954,0.0,0.0,-0.01705,0,0.97705,EARLY,SOY,NORMAL
J0013,1,WB2,WEIGH_IN,8,9,-0.01104,-0.01136,0.01407,0.02,0.01954,0.0,0.0,0.03625,0,0.97705,EARLY,SOY,NORMAL
J0013,2,LAB1,SAMPLE_CLASSIFY,11,15,-0.02028,0.07102,0.00293,0.03,0.0342,0.02,0.0,-0.05195,3,0.97705,EARLY,SOY,NORMAL
J0013,2,LAB2,SAMPLE_CLASSIFY,13,16,0.05211,0.07102,0.00293,0.03,0.0342,0.02,0.0,-0.02708,0,0.97705,EARLY,SOY,NORMAL
J0013,3,HOP1,UNLOAD,26,25,-0.11306,-0.00587,0.01404,0.04,0.04885,0.01,0.0,-0.05056,0,0.97705,EARLY,SOY,NORMAL
J0013,3,HOP3,UNLOAD,24,30,0.0841,-0.00587,0.01404,0.04,0.04885,0.01,0.0,0.01966,0,0.97705,EARLY,SOY,NORMAL
J0013,4,WB1,WEIGH_OUT,6,6,0.04024,-0.00344,-0.00672,0.015,0.01466,0.0,0.0,-0.02072,0,0.97705,EARLY,SOY,NORMAL
J0013,4,WB2,WEIGH_OUT,6,6,-0.01104,-0.00344,-0.00672,0.015,0.01466,0.0,0.0,0.00792,0,0.97705,EARLY,SOY,NORMAL
J0014,1,WB1,WEIGH_IN,7,7,0.04024,-0.01136,0.01407,0.02,0.0193,0.0,0.0,-0.11226,0,0.96524,EARLY,SOY,WET
J0014,1,WB2,WEIGH_IN,8,9,-0.01104,-0.01136,0.01407,0.02,0.0193,0.0,0.0,0.03469,0,0.96524,EARLY,SOY,WET
J0014,2,LAB1,SAMPLE_CLASSIFY,15,17,-0.02028,0.07102,0.00293,0.03,0.03378,0.02,0.045,-0.03111,0,0.96524,EARLY,SOY,WET
J0014,2,LAB2,SAMPLE_CLASSIFY,15,20,0.05211,0.07102,0.00293,0.03,0.03378,0.02,0.045,0.01319,0,0.96524,EARLY,SOY,WET
J0014,3,HOP1,UNLOAD,30,30,-0.11306,-0.00587,0.01404,0.04,0.04826,0.01,0.028,-0.05828,1,0.96524,EARLY,SOY,WET
J0014,3,HOP3,UNLOAD,27,37,0.0841,-0.00587,0.01404,0.04,0.04826,0.01,0.028,-0.00204,3,0.96524,EARLY,SOY,WET
J0014,4,WB1,WEIGH_OUT,6,6,0.04024,-0.00344,-0.00672,0.015,0.01448,0.0,0.0,0.00203,0,0.96524,EARLY,SOY,WET
J0014,4,WB2,WEIGH_OUT,6,7,-0.01104,-0.00344,-0.00672,0.015,0.01448,0.0,0.0,-0.03818,1,0.96524,EARLY,SOY,WET
J0015,1,WB1,WEIGH_IN,7,9,0.04024,-0.01136,0.01407,0.02,0.01842,0.0,0.0,-0.0215,2,0.92097,EARLY,SOY,WET
J0015,1,WB2,WEIGH_IN,8,8,-0.01104,-0.01136,0.01407,0.02,0.01842,0.0,0.0,-0.00471,0,0.92097,EARLY,SOY,WET
J0015,2,LAB1,SAMPLE_CLASSIFY,15,18,-0.02028,0.07102,0.00293,0.03,0.03223,0.02,0.045,0.00157,0,0.92097,EARLY,SOY,WET
J0015,2,LAB2,SAMPLE_CLASSIFY,15,20,0.05211,0.07102,0.00293,0.03,0.03223,0.02,0.045,0.01187,0,0.92097,EARLY,SOY,WET
J0015,3,HOP1,UNLOAD,30,32,-0.11306,-0.00587,0.01404,0.04,0.04605,0.01,0.028,0.05469,0,0.92097,EARLY,SOY,WET
J0015,3,HOP3,UNLOAD,28,42,0.0841,-0.00587,0.01404,0.04,0.04605,0.01,0.028,0.06115,5,0.92097,EARLY,SOY,WET
J0015,4,WB1,WEIGH_OUT,6,7,0.04024,-0.00344,-0.00672,0.015,0.01381,0.0,0.0,0.02165,0,0.92097,EARLY,SOY,WET
J0015,4,WB2,WEIGH_OUT,6,6,-0.01104,-0.00344,-0.00672,0.015,0.01381,0.0,0.0,0.02497,0,0.92097,EARLY,SOY,WET
J0016,1,WB1,WEIGH_IN,7,7,0.04024,-0.01136,0.01407,0.02,0.017,0.0,0.0,-0.01158,0,0.85012,EARLY,SOY,NORMAL
J0016,1,WB2,WEIGH_IN,8,8,-0.01104,-0.01136,0.01407,0.02,0.017,0.0,0.0,-0.00317,0,0.85012,EARLY,SOY,NORMAL
J0016,2,LAB1,SAMPLE_CLASSIFY,11,13,-0.02028,0.07102,0.00293,0.03,0.02975,0.02,0.0,0.00241,0,0.85012,EARLY,SOY,NORMAL
J0016,2,LAB2,SAMPLE_CLASSIFY,12,14,0.05211,0.07102,0.00293,0.03,0.02975,0.02,0.0,-0.03924,0,0.85012,EARLY,SOY,NORMAL
J0016,3,HOP1,UNLOAD,28,25,-0.11306,-0.00587,0.01404,0.04,0.04251,0.01,0.0,-0.08398,0,0.85012,EARLY,SOY,NORMAL
J0016,3,HOP3,UNLOAD,26,31,0.0841,-0.00587,0.01404,0.04,0.04251,0.01,0.0,-0.01117,0,0.85012,EARLY,SOY,NORMAL
J0016,4,WB1,WEIGH_OUT,6,6,0.04024,-0.00344,-0.00672,0.015,0.01275,0.0,0.0,0.01053,0,0.85012,EARLY,SOY,NORMAL
J0016,4,WB2,WEIGH_OUT,6,6,-0.01104,-0.00344,-0.00672,0.015,0.01275,0.0,0.0,0.02665,0,0.85012,EARLY,SOY,NORMAL
J0017,1,WB1,WEIGH_IN,7,8,0.04024,-0.01136,0.01407,0.02,0.01446,0.0,0.0,-0.02919,1,0.72319,EARLY,SORGHUM,NORMAL
J0017,1,WB2,WEIGH_IN,7,7,-0.01104,-0.01136,0.01407,0.02,0.01446,0.0,0.0,0.01847,0,0.72319,EARLY,SORGHUM,NORMAL
J0017,2,LAB1,SAMPLE_CLASSIFY,10,13,-0.02028,0.07102,0.00293,0.03,0.02531,0.01,0.0,-0.12929,3,0.72319,EARLY,SORGHUM,NORMAL
J0017,2,LAB2,SAMPLE_CLASSIFY,10,12,0.05211,0.07102,0.00293,0.03,0.02531,0.01,0.0,0.01039,0,0.72319,EARLY,SORGHUM,NORMAL
J0017,3,HOP2,UNLOAD,26,31,-0.00701,-0.00587,0.01404,0.04,0.03616,0.015,0.0,0.07582,0,0.72319,EARLY,SORGHUM,NORMAL
J0017,3,HOP3,UNLOAD,22,27,0.0841,-0.00587,0.01404,0.04,0.03616,0.015,0.0,0.01077,0,0.72319,EARLY,SORGHUM,NORMAL
J0017,4,WB1,WEIGH_OUT,6,6,0.04024,-0.00344,-0.00672,0.015,0.01085,0.0,0.0,-0.02462,0,0.72319,EARLY,SORGHUM,NORMAL
J0017,4,WB2,WEIGH_OUT,6,6,-0.01104,-0.00344,-0.00672,0.015,0.01085,0.0,0.0,-0.02286,0,0.72319,EARLY,SORGHUM,NORMAL
J0018,1,WB1,WEIGH_IN,8,8,0.04024,-0.01136,0.01407,0.02,0.00437,0.0,0.0,-0.01564,0,0.21843,EARLY,SOY,NORMAL
J0018,1,WB2,WEIGH_IN,8,10,-0.01104,-0.01136,0.01407,0.02,0.00437,0.0,0.0,-0.00283,2,0.21843,EARLY,SOY,NORMAL
J0018,2,LAB1,SAMPLE_CLASSIFY,11,13,-0.02028,0.07102,0.00293,0.03,0.00765,0.02,0.0,0.06477,0,0.21843,EARLY,SOY,NORMAL
J0018,2,LAB2,SAMPLE_CLASSIFY,13,16,0.05211,0.07102,0.00293,0.03,0.00765,0.02,0.0,0.00716,0,0.21843,EARLY,SOY,NORMAL
J0018,3,HOP1,UNLOAD,28,27,-0.11306,-0.00587,0.01404,0.04,0.01092,0.01,0.0,0.01989,0,0.21843,EARLY,SOY,NORMAL
J0018,3,HOP3,UNLOAD,26,29,0.0841,-0.00587,0.01404,0.04,0.01092,0.01,0.0,-0.03127,0,0.21843,EARLY,SOY,NORMAL
J0018,4,WB1,WEIGH_OUT,6,6,0.04024,-0.00344,-0.00672,0.015,0.00328,0.0,0.0,0.00382,0,0.21843,EARLY,SOY,NORMAL
J0018,4,WB2,WEIGH_OUT,6,6,-0.01104,-0.00344,-0.00672,0.015,0.00328,0.0,0.0,-0.00708,0,0.21843,EARLY,SOY,NORMAL
J0019,1,WB1,WEIGH_IN,8,8,0.04024,-0.01136,0.01407,0.02,0.00534,0.0,0.0,-0.00848,0,0.26714,EARLY,CORN,NORMAL
J0019,1,WB2,WEIGH_IN,8,8,-0.01104,-0.01136,0.01407,0.02,0.00534,0.0,0.0,0.00215,0,0.26714,EARLY,CORN,NORMAL
J0019,2,LAB1,SAMPLE_CLASSIFY,11,12,-0.02028,0.07102,0.00293,0.03,0.00935,0.0,0.0,-0.04022,0,0.26714,EARLY,CORN,NORMAL
J0019,2,LAB2,SAMPLE_CLASSIFY,13,17,0.05211,0.07102,0.00293,0.03,0.00935,0.0,0.0,0.08707,0,0.26714,EARLY,CORN,NORMAL
J0019,3,HOP1,UNLOAD,29,30,-0.11306,-0.00587,0.01404,0.04,0.01336,0.0,0.0,-0.03208,3,0.26714,EARLY,CORN,NORMAL
J0019,3,HOP2,UNLOAD,32,33,-0.00701,-0.00587,0.01404,0.04,0.01336,0.0,0.0,-0.01852,0,0.26714,EARLY,CORN,NORMAL
J0019,3,HOP3,UNLOAD,27,33,0.0841,-0.00587,0.01404,0.04,0.01336,0.0,0.0,0.05579,0,0.26714,EARLY,CORN,NORMAL
J0019,4,WB1,WEIGH_OUT,6,6,0.04024,-0.00344,-0.00672,0.015,0.00401,0.0,0.0,0.01114,0,0.26714,EARLY,CORN,NORMAL
J0019,4,WB2,WEIGH_OUT,6,6,-0.01104,-0.00344,-0.00672,0.015,0.00401,0.0,0.0,0.01177,0,0.26714,EARLY,CORN,NORMAL
J0020,1,WB1,WEIGH_IN,8,9,0.04024,-0.01136,0.01407,0.02,0.00576,0.0,0.0,0.00868,0,0.2878,EARLY,CORN,WET
J0020,1,WB2,WEIGH_IN,7,7,-0.01104,-0.01136,0.01407,0.02,0.00576,0.0,0.0,0.01645,0,0.2878,EARLY,CORN,WET
J0020,2,LAB1,SAMPLE_CLASSIFY,14,17,-0.02028,0.07102,0.00293,0.03,0.01007,0.0,0.045,-0.01074,1,0.2878,EARLY,CORN,WET
J0020,2,LAB2,SAMPLE_CLASSIFY,15,19,0.05211,0.07102,0.00293,0.03,0.01007,0.0,0.045,0.01597,0,0.2878,EARLY,CORN,WET
J0020,3,HOP1,UNLOAD,26,26,-0.11306,-0.00587,0.01404,0.04,0.01439,0.0,0.028,0.00388,0,0.2878,EARLY,CORN,WET
J0020,3,HOP2,UNLOAD,29,30,-0.00701,-0.00587,0.01404,0.04,0.01439,0.0,0.028,-0.05649,0,0.2878,EARLY,CORN,WET
J0020,3,HOP3,UNLOAD,24,29,0.0841,-0.00587,0.01404,0.04,0.01439,0.0,0.028,0.02828,0,0.2878,EARLY,CORN,WET
J0020,4,WB1,WEIGH_OUT,6,6,0.04024,-0.00344,-0.00672,0.015,0.00432,0.0,0.0,-0.05062,0,0.2878,EARLY,CORN,WET
J0020,4,WB2,WEIGH_OUT,6,6,-0.01104,-0.00344,-0.00672,0.015,0.00432,0.0,0.0,-0.00731,0,0.2878,EARLY,CORN,WET
J0021,1,WB1,WEIGH_IN,8,9,0.04024,-0.01136,0.01407,0.02,0.01024,0.0,0.0,-0.01192,0,0.51214,EARLY,CORN,NORMAL
J0021,1,WB2,WEIGH_IN,8,8,-0.01104,-0.01136,0.01407,0.02,0.01024,0.0,0.0,-0.03291,0,0.51214,EARLY,CORN,NORMAL
J0021,2,LAB1,SAMPLE_CLASSIFY,11,14,-0.02028,0.07102,0.00293,0.03,0.01792,0.0,0.0,-0.02493,2,0.51214,EARLY,CORN,NORMAL
J0021,2,LAB2,SAMPLE_CLASSIFY,12,14,0.05211,0.07102,0.00293,0.03,0.01792,0.0,0.0,-0.03333,0,0.51214,EARLY,CORN,NORMAL
J0021,3,HOP1,UNLOAD,25,23,-0.11306,-0.00587,0.01404,0.04,0.02561,0.0,0.0,-0.03915,0,0.51214,EARLY,CORN,NORMAL
J0021,3,HOP2,UNLOAD,28,29,-0.00701,-0.00587,0.01404,0.04,0.02561,0.0,0.0,-0.02736,0,0.51214,EARLY,CORN,NORMAL
J0021,3,HOP3,UNLOAD,23,29,0.0841,-0.00587,0.01404,0.04,0.02561,0.0,0.0,0.07455,0,0.51214,EARLY,CORN,NORMAL
J0021,4,WB1,WEIGH_OUT,6,7,0.04024,-0.00344,-0.00672,0.015,0.00768,0.0,0.0,0.03652,0,0.51214,EARLY,CORN,NORMAL
J0021,4,WB2,WEIGH_OUT,6,6,-0.01104,-0.00344,-0.00672,0.015,0.00768,0.0,0.0,0.00174,0,0.51214,EARLY,CORN,NORMAL
J0022,1,WB1,WEIGH_IN,8,9,0.04024,-0.01136,0.01407,0.02,0.01231,0.0,0.0,-0.01052,0,0.61545,EARLY,SOY,NORMAL
J0022,1,WB2,WEIGH_IN,8,8,-0.01104,-0.01136,0.01407,0.02,0.01231,0.0,0.0,-0.02608,0,0.61545,EARLY,SOY,NORMAL
J0022,2,LAB1,SAMPLE_CLASSIFY,12,14,-0.02028,0.07102,0.00293,0.03,0.02154,0.02,0.0,0.01335,0,0.61545,EARLY,SOY,NORMAL
J0022,2,LAB2,SAMPLE_CLASSIFY,12,14,0.05211,0.07102,0.00293,0.03,0.02154,0.02,0.0,-0.01361,0,0.61545,EARLY,SOY,NORMAL
J0022,3,HOP1,UNLOAD,27,25,-0.11306,-0.00587,0.01404,0.04,0.03077,0.01,0.0,-0.04974,0,0.61545,EARLY,SOY,NORMAL
J0022,3,HOP3,UNLOAD,25,29,0.0841,-0.00587,0.01404,0.04,0.03077,0.01,0.0,-0.03664,0,0.61545,EARLY,SOY,NORMAL
J0022,4,WB1,WEIGH_OUT,6,8,0.04024,-0.00344,-0.00672,0.015,0.00923,0.0,0.0,-0.02023,2,0.61545,EARLY,SOY,NORMAL
J0022,4,WB2,WEIGH_OUT,7,7,-0.01104,-0.00344,-0.00672,0.015,0.00923,0.0,0.0,-0.04706,0,0.61545,EARLY,SOY,NORMAL
J0023,1,WB1,WEIGH_IN,7,9,0.04024,-0.00303,0.01407,0.02,0.0129,0.0,0.0,-0.03177,2,0.64497,MID,CORN,DRY
J0023,1,WB2,WEIGH_IN,8,8,-0.01104,-0.00303,0.01407,0.02,0.0129,0.0,0.0,-0.01149,0,0.64497,MID,CORN,DRY
J0023,2,LAB1,SAMPLE_CLASSIFY,10,10,-0.02028,0.01509,0.00293,0.03,0.02257,0.0,-0.02,-0.06325,0,0.64497,MID,CORN,DRY
J0023,2,LAB2,SAMPLE_CLASSIFY,11,12,0.05211,0.01509,0.00293,0.03,0.02257,0.0,-0.02,-0.0208,0,0.64497,MID,CORN,DRY
J0023,3,HOP1,UNLOAD,26,31,-0.11306,0.00089,0.01404,0.04,0.03225,0.0,-0.01,0.02104,5,0.64497,MID,CORN,DRY
J0023,3,HOP2,UNLOAD,29,30,-0.00701,0.00089,0.01404,0.04,0.03225,0.0,-0.01,-0.03487,0,0.64497,MID,CORN,DRY
J0023,3,HOP3,UNLOAD,24,31,0.0841,0.00089,0.01404,0.04,0.03225,0.0,-0.01,-0.0184,3,0.64497,MID,CORN,DRY
J0023,4,WB1,WEIGH_OUT,6,7,0.04024,0.0071,-0.00672,0.015,0.00967,0.0,0.0,0.01722,0,0.64497,MID,CORN,DRY
J0023,4,WB2,WEIGH_OUT,7,7,-0.01104,0.0071,-0.00672,0.015,0.00967,0.0,0.0,0.01432,0,0.64497,MID,CORN,DRY
J0024,1,WB1,WEIGH_IN,7,8,0.04024,-0.00303,0.01407,0.02,0.01317,0.0,0.0,-0.00737,0,0.65825,MID,SORGHUM,NORMAL
J0024,1,WB2,WEIGH_IN,8,8,-0.01104,-0.00303,0.01407,0.02,0.01317,0.0,0.0,-0.01396,0,0.65825,MID,SORGHUM,NORMAL
J0024,2,LAB1,SAMPLE_CLASSIFY,9,10,-0.02028,0.01509,0.00293,0.03,0.02304,0.01,0.0,0.00883,0,0.65825,MID,SORGHUM,NORMAL
J0024,2,LAB2,SAMPLE_CLASSIFY,11,13,0.05211,0.01509,0.00293,0.03,0.02304,0.01,0.0,0.01989,0,0.65825,MID,SORGHUM,NORMAL
J0024,3,HOP2,UNLOAD,25,28,-0.00701,0.00089,0.01404,0.04,0.03291,0.015,0.0,0.02658,0,0.65825,MID,SORGHUM,NORMAL
J0024,3,HOP3,UNLOAD,21,25,0.0841,0.00089,0.01404,0.04,0.03291,0.015,0.0,-0.02058,0,0.65825,MID,SORGHUM,NORMAL
J0024,4,WB1,WEIGH_OUT,6,7,0.04024,0.0071,-0.00672,0.015,0.00987,0.0,0.0,0.01584,0,0.65825,MID,SORGHUM,NORMAL
J0024,4,WB2,WEIGH_OUT,6,7,-0.01104,0.0071,-0.00672,0.015,0.00987,0.0,0.0,0.00219,1,0.65825,MID,SORGHUM,NORMAL
J0025,1,WB1,WEIGH_IN,7,9,0.04024,-0.00303,0.01407,0.02,0.0137,0.0,0.0,0.00276,1,0.68482,MID,CORN,NORMAL
J0025,1,WB2,WEIGH_IN,8,8,-0.01104,-0.00303,0.01407,0.02,0.0137,0.0,0.0,-0.02085,0,0.68482,MID,CORN,NORMAL
J0025,2,LAB1,SAMPLE_CLASSIFY,11,11,-0.02028,0.01509,0.00293,0.03,0.02397,0.0,0.0,-0.02023,0,0.68482,MID,CORN,NORMAL
J0025,2,LAB2,SAMPLE_CLASSIFY,13,14,0.05211,0.01509,0.00293,0.03,0.02397,0.0,0.0,-0.04864,0,0.68482,MID,CORN,NORMAL
J0025,3,HOP1,UNLOAD,27,27,-0.11306,0.00089,0.01404,0.04,0.03424,0.0,0.0,0.03483,0,0.68482,MID,CORN,NORMAL
J0025,3,HOP2,UNLOAD,30,35,-0.00701,0.00089,0.01404,0.04,0.03424,0.0,0.0,0.06036,0,0.68482,MID,CORN,NORMAL
J0025,3,HOP3,UNLOAD,25,29,0.0841,0.00089,0.01404,0.04,0.03424,0.0,0.0,-0.03996,0,0.68482,MID,CORN,NORMAL
J0025,4,WB1,WEIGH_OUT,6,7,0.04024,0.0071,-0.00672,0.015,0.01027,0.0,0.0,0.02301,0,0.68482,MID,CORN,NORMAL
J0025,4,WB2,WEIGH_OUT,6,6,-0.01104,0.0071,-0.00672,0.015,0.01027,0.0,0.0,0.00946,0,0.68482,MID,CORN,NORMAL
J0026,1,WB1,WEIGH_IN,8,9,0.04024,-0.00303,0.01407,0.02,0.0137,0.0,0.0,0.00293,0,0.68482,MID,CORN,NORMAL
J0026,1,WB2,WEIGH_IN,7,7,-0.01104,-0.00303,0.01407,0.02,0.0137,0.0,0.0,0.01042,0,0.68482,MID,CORN,NORMAL
J0026,2,LAB1,SAMPLE_CLASSIFY,11,12,-0.02028,0.01509,0.00293,0.03,0.02397,0.0,0.0,0.00721,0,0.68482,MID,CORN,NORMAL
J0026,2,LAB2,SAMPLE_CLASSIFY,11,12,0.05211,0.01509,0.00293,0.03,0.02397,0.0,0.0,-0.04765,0,0.68482,MID,CORN,NORMAL
J0026,3,HOP1,UNLOAD,27,27,-0.11306,0.00089,0.01404,0.04,0.03424,0.0,0.0,-0.09683,3,0.68482,MID,CORN,NORMAL
J0026,3,HOP2,UNLOAD,31,35,-0.00701,0.00089,0.01404,0.04,0.03424,0.0,0.0,0.05312,0,0.68482,MID,CORN,NORMAL
J0026,3,HOP3,UNLOAD,25,27,0.0841,0.00089,0.01404,0.04,0.03424,0.0,0.0,-0.08712,0,0.68482,MID,CORN,NORMAL
J0026,4,WB1,WEIGH_OUT,6,6,0.04024,0.0071,-0.00672,0.015,0.01027,0.0,0.0,-0.01107,0,0.68482,MID,CORN,NORMAL
J0026,4,WB2,WEIGH_OUT,6,6,-0.01104,0.0071,-0.00672,0.015,0.01027,0.0,0.0,-0.04842,0,0.68482,MID,CORN,NORMAL
J0027,1,WB1,WEIGH_IN,7,8,0.04024,-0.00303,0.01407,0.02,0.01364,0.0,0.0,0.00931,0,0.68187,MID,SOY,WET
J0027,1,WB2,WEIGH_IN,7,7,-0.01104,-0.00303,0.01407,0.02,0.01364,0.0,0.0,0.01209,0,0.68187,MID,SOY,WET
J0027,2,LAB1,SAMPLE_CLASSIFY,15,18,-0.02028,0.01509,0.00293,0.03,0.02387,0.02,0.045,0.05086,0,0.68187,MID,SOY,WET
J0027,2,LAB2,SAMPLE_CLASSIFY,16,20,0.05211,0.01509,0.00293,0.03,0.02387,0.02,0.045,0.02038,0,0.68187,MID,SOY,WET
J0027,3,HOP1,UNLOAD,28,27,-0.11306,0.00089,0.01404,0.04,0.03409,0.01,0.028,-0.04548,0,0.68187,MID,SOY,WET
J0027,3,HOP3,UNLOAD,26,33,0.0841,0.00089,0.01404,0.04,0.03409,0.01,0.028,0.01648,0,0.68187,MID,SOY,WET
J0027,4,WB1,WEIGH_OUT,6,7,0.04024,0.0071,-0.00672,0.015,0.01023,0.0,0.0,0.04175,0,0.68187,MID,SOY,WET
J0027,4,WB2,WEIGH_OUT,6,6,-0.01104,0.0071,-0.00672,0.015,0.01023,0.0,0.0,0.01969,0,0.68187,MID,SOY,WET
J0028,1,WB1,WEIGH_IN,8,9,0.04024,-0.00303,0.01407,0.02,0.01228,0.0,0.0,-0.01774,0,0.61398,MID,CORN,WET
J0028,1,WB2,WEIGH_IN,8,8,-0.01104,-0.00303,0.01407,0.02,0.01228,0.0,0.0,-0.0051,0,0.61398,MID,CORN,WET
J0028,2,LAB1,SAMPLE_CLASSIFY,12,12,-0.02028,0.01509,0.00293,0.03,0.02149,0.0,0.045,-0.05419,0,0.61398,MID,CORN,WET
J0028,2,LAB2,SAMPLE_CLASSIFY,13,15,0.05211,0.01509,0.00293,0.03,0.02149,0.0,0.045,-0.02518,0,0.61398,MID,CORN,WET
J0028,3,HOP1,UNLOAD,30,31,-0.11306,0.00089,0.01404,0.04,0.0307,0.0,0.028,0.03379,0,0.61398,MID,CORN,WET
J0028,3,HOP2,UNLOAD,34,33,-0.00701,0.00089,0.01404,0.04,0.0307,0.0,0.028,-0.12199,0,0.61398,MID,CORN,WET
J0028,3,HOP3,UNLOAD,28,35,0.0841,0.00089,0.01404,0.04,0.0307,0.0,0.028,0.01969,0,0.61398,MID,CORN,WET
J0028,4,WB1,WEIGH_OUT,6,6,0.04024,0.0071,-0.00672,0.015,0.00921,0.0,0.0,-0.01333,0,0.61398,MID,CORN,WET
J0028,4,WB2,WEIGH_OUT,6,6,-0.01104,0.0071,-0.00672,0.015,0.00921,0.0,0.0,0.00915,0,0.61398,MID,CORN,WET
J0029,1,WB1,WEIGH_IN,7,7,0.04024,-0.00303,0.01407,0.02,0.01157,0.0,0.0,-0.01516,0,0.57856,MID,SOY,NORMAL
J0029,1,WB2,WEIGH_IN,7,7,-0.01104,-0.00303,0.01407,0.02,0.01157,0.0,0.0,-0.04076,0,0.57856,MID,SOY,NORMAL
J0029,2,LAB1,SAMPLE_CLASSIFY,12,12,-0.02028,0.01509,0.00293,0.03,0.02025,0.02,0.0,-0.03526,0,0.57856,MID,SOY,NORMAL
J0029,2,LAB2,SAMPLE_CLASSIFY,12,16,0.05211,0.01509,0.00293,0.03,0.02025,0.02,0.0,0.02339,2,0.57856,MID,SOY,NORMAL
J0029,3,HOP1,UNLOAD,26,24,-0.11306,0.00089,0.01404,0.04,0.02893,0.01,0.0,-0.06942,0,0.57856,MID,SOY,NORMAL
J0029,3,HOP3,UNLOAD,24,29,0.0841,0.00089,0.01404,0.04,0.02893,0.01,0.0,-0.06714,2,0.57856,MID,SOY,NORMAL
J0029,4,WB1,WEIGH_OUT,6,7,0.04024,0.0071,-0.00672,0.015,0.00868,0.0,0.0,0.00727,1,0.57856,MID,SOY,NORMAL
J0029,4,WB2,WEIGH_OUT,6,6,-0.01104,0.0071,-0.00672,0.015,0.00868,0.0,0.0,0.00164,0,0.57856,MID,SOY,NORMAL
J0030,1,WB1,WEIGH_IN,8,9,0.04024,-0.00303,0.01407,0.02,0.01104,0.0,0.0,-0.018,0,0.55199,MID,SOY,WET
J0030,1,WB2,WEIGH_IN,8,8,-0.01104,-0.00303,0.01407,0.02,0.01104,0.0,0.0,-0.00105,0,0.55199,MID,SOY,WET
J0030,2,LAB1,SAMPLE_CLASSIFY,14,16,-0.02028,0.01509,0.00293,0.03,0.01932,0.02,0.045,0.03613,0,0.55199,MID,SOY,WET
J0030,2,LAB2,SAMPLE_CLASSIFY,16,20,0.05211,0.01509,0.00293,0.03,0.01932,0.02,0.045,0.01743,0,0.55199,MID,SOY,WET
J0030,3,HOP1,UNLOAD,30,32,-0.11306,0.00089,0.01404,0.04,0.0276,0.01,0.028,0.04808,0,0.55199,MID,SOY,WET
J0030,3,HOP3,UNLOAD,28,33,0.0841,0.00089,0.01404,0.04,0.0276,0.01,0.028,-0.03121,0,0.55199,MID,SOY,WET
J0030,4,WB1,WEIGH_OUT,6,6,0.04024,0.0071,-0.00672,0.015,0.00828,0.0,0.0,-0.04391,0,0.55199,MID,SOY,WET
J0030,4,WB2,WEIGH_OUT,7,9,-0.01104,0.0071,-0.00672,0.015,0.00828,0.0,0.0,0.02804,2,0.55199,MID,SOY,WET
J0031,1,WB1,WEIGH_IN,7,8,0.04024,-0.00303,0.01407,0.02,0.00971,0.0,0.0,0.01083,0,0.48557,MID,SORGHUM,NORMAL
J0031,1,WB2,WEIGH_IN,7,7,-0.01104,-0.00303,0.01407,0.02,0.00971,0.0,0.0,-0.01296,0,0.48557,MID,SORGHUM,NORMAL
J0031,2,LAB1,SAMPLE_CLASSIFY,10,10,-0.02028,0.01509,0.00293,0.03,0.017,0.01,0.0,-0.01789,0,0.48557,MID,SORGHUM,NORMAL
J0031,2,LAB2,SAMPLE_CLASSIFY,11,13,0.05211,0.01509,0.00293,0.03,0.017,0.01,0.0,0.02256,0,0.48557,MID,SORGHUM,NORMAL
J0031,3,HOP2,UNLOAD,26,31,-0.00701,0.00089,0.01404,0.04,0.02428,0.015,0.0,0.09628,0,0.48557,MID,SORGHUM,NORMAL
J0031,3,HOP3,UNLOAD,22,23,0.0841,0.00089,0.01404,0.04,0.02428,0.015,0.0,-0.12561,0,0.48557,MID,SORGHUM,NORMAL
J0031,4,WB1,WEIGH_OUT,6,6,0.04024,0.0071,-0.00672,0.015,0.00728,0.0,0.0,-0.01242,0,0.48557,MID,SORGHUM,NORMAL
J0031,4,WB2,WEIGH_OUT,6,6,-0.01104,0.0071,-0.00672,0.015,0.00728,0.0,0.0,0.05984,0,0.48557,MID,SORGHUM,NORMAL
J0032,1,WB1,WEIGH_IN,7,7,0.04024,-0.00303,0.01407,0.02,0.00629,0.0,0.0,-0.013,0,0.31437,MID,SOY,NORMAL
J0032,1,WB2,WEIGH_IN,8,8,-0.01104,-0.00303,0.01407,0.02,0.00629,0.0,0.0,-0.00241,0,0.31437,MID,SOY,NORMAL
J0032,2,LAB1,SAMPLE_CLASSIFY,13,15,-0.02028,0.01509,0.00293,0.03,0.011,0.02,0.0,0.06312,0,0.31437,MID,SOY,NORMAL
J0032,2,LAB2,SAMPLE_CLASSIFY,13,15,0.05211,0.01509,0.00293,0.03,0.011,0.02,0.0,0.00777,0,0.31437,MID,SOY,NORMAL
J0032,3,HOP1,UNLOAD,25,25,-0.11306,0.00089,0.01404,0.04,0.01572,0.01,0.0,0.01276,0,0.31437,MID,SOY,NORMAL
J0032,3,HOP3,UNLOAD,23,27,0.0841,0.00089,0.01404,0.04,0.01572,0.01,0.0,0.01227,0,0.31437,MID,SOY,NORMAL
J0032,4,WB1,WEIGH_OUT,6,7,0.04024,0.0071,-0.00672,0.015,0.00472,0.0,0.0,0.02422,0,0.31437,MID,SOY,NORMAL
J0032,4,WB2,WEIGH_OUT,6,6,-0.01104,0.0071,-0.00672,0.015,0.00472,0.0,0.0,0.0577,0,0.31437,MID,SOY,NORMAL
J0033,1,WB1,WEIGH_IN,8,9,0.04024,-0.00303,0.01407,0.02,0.00372,0.0,0.0,0.02496,0,0.18596,MID,CORN,NORMAL
J0033,1,WB2,WEIGH_IN,8,8,-0.01104,-0.00303,0.01407,0.02,0.00372,0.0,0.0,-0.03445,0,0.18596,MID,CORN,NORMAL
J0033,2,LAB1,SAMPLE_CLASSIFY,11,11,-0.02028,0.01509,0.00293,0.03,0.00651,0.0,0.0,-0.067,0,0.18596,MID,CORN,NORMAL
J0033,2,LAB2,SAMPLE_CLASSIFY,11,13,0.05211,0.01509,0.00293,0.03,0.00651,0.0,0.0,0.04506,0,0.18596,MID,CORN,NORMAL
J0033,3,HOP1,UNLOAD,28,27,-0.11306,0.00089,0.01404,0.04,0.0093,0.0,0.0,0.00243,0,0.18596,MID,CORN,NORMAL
J0033,3,HOP2,UNLOAD,31,30,-0.00701,0.00089,0.01404,0.04,0.0093,0.0,0.0,-0.07407,0,0.18596,MID,CORN,NORMAL
J0033,3,HOP3,UNLOAD,26,27,0.0841,0.00089,0.01404,0.04,0.0093,0.0,0.0,-0.09522,0,0.18596,MID,CORN,NORMAL
J0033,4,WB1,WEIGH_OUT,6,6,0.04024,0.0071,-0.00672,0.015,0.00279,0.0,0.0,-0.01974,0,0.18596,MID,CORN,NORMAL
J0033,4,WB2,WEIGH_OUT,6,6,-0.01104,0.0071,-0.00672,0.015,0.00279,0.0,0.0,-0.03217,0,0.18596,MID,CORN,NORMAL
J0034,1,WB1,WEIGH_IN,7,8,0.04024,-0.00303,0.01407,0.02,0.00369,0.0,0.0,0.03304,0,0.18449,MID,CORN,WET
J0034,1,WB2,WEIGH_IN,8,8,-0.01104,-0.00303,0.01407,0.02,0.00369,0.0,0.0,0.00821,0,0.18449,MID,CORN,WET
J0034,2,LAB1,SAMPLE_CLASSIFY,12,13,-0.02028,0.01509,0.00293,0.03,0.00646,0.0,0.045,0.01925,0,0.18449,MID,CORN,WET
J0034,2,LAB2,SAMPLE_CLASSIFY,15,17,0.05211,0.01509,0.00293,0.03,0.00646,0.0,0.045,-0.03857,0,0.18449,MID,CORN,WET
J0034,3,HOP1,UNLOAD,30,30,-0.11306,0.00089,0.01404,0.04,0.00922,0.0,0.028,0.0195,0,0.18449,MID,CORN,WET
J0034,3,HOP2,UNLOAD,34,36,-0.00701,0.00089,0.01404,0.04,0.00922,0.0,0.028,-0.01754,0,0.18449,MID,CORN,WET
J0034,3,HOP3,UNLOAD,28,35,0.0841,0.00089,0.01404,0.04,0.00922,0.0,0.028,0.04355,0,0.18449,MID,CORN,WET
J0034,4,WB1,WEIGH_OUT,6,6,0.04024,0.0071,-0.00672,0.015,0.00277,0.0,0.0,-0.00053,0,0.18449,MID,CORN,WET
J0034,4,WB2,WEIGH_OUT,7,7,-0.01104,0.0071,-0.00672,0.015,0.00277,0.0,0.0,0.03812,0,0.18449,MID,CORN,WET
J0035,1,WB1,WEIGH_IN,7,7,0.04024,-0.00303,0.01407,0.02,0.00224,0.0,0.0,-0.00571,0,0.11217,MID,SOY,WET
J0035,1,WB2,WEIGH_IN,7,7,-0.01104,-0.00303,0.01407,0.02,0.00224,0.0,0.0,-0.01874,0,0.11217,MID,SOY,WET
J0035,2,LAB1,SAMPLE_CLASSIFY,14,15,-0.02028,0.01509,0.00293,0.03,0.00393,0.02,0.045,0.00128,0,0.11217,MID,SOY,WET
J0035,2,LAB2,SAMPLE_CLASSIFY,15,18,0.05211,0.01509,0.00293,0.03,0.00393,0.02,0.045,0.0139,0,0.11217,MID,SOY,WET
J0035,3,HOP1,UNLOAD,29,28,-0.11306,0.00089,0.01404,0.04,0.00561,0.01,0.028,-0.01039,0,0.11217,MID,SOY,WET
J0035,3,HOP3,UNLOAD,27,32,0.0841,0.00089,0.01404,0.04,0.00561,0.01,0.028,-0.0122,0,0.11217,MID,SOY,WET
J0035,4,WB1,WEIGH_OUT,6,7,0.04024,0.0071,-0.00672,0.015,0.00168,0.0,0.0,0.03104,0,0.11217,MID,SOY,WET
J0035,4,WB2,WEIGH_OUT,6,6,-0.01104,0.0071,-0.00672,0.015,0.00168,0.0,0.0,-0.00462,0,0.11217,MID,SOY,WET
J0036,1,WB1,WEIGH_IN,8,9,0.04024,-0.00303,0.01407,0.02,0.00404,0.0,0.0,-0.00174,0,0.2022,MID,CORN,NORMAL
J0036,1,WB2,WEIGH_IN,7,7,-0.01104,-0.00303,0.01407,0.02,0.00404,0.0,0.0,-0.00553,0,0.2022,MID,CORN,NORMAL
J0036,2,LAB1,SAMPLE_CLASSIFY,11,12,-0.02028,0.01509,0.00293,0.03,0.00708,0.0,0.0,0.03568,0,0.2022,MID,CORN,NORMAL
J0036,2,LAB2,SAMPLE_CLASSIFY,12,13,0.05211,0.01509,0.00293,0.03,0.00708,0.0,0.0,-0.04699,0,0.2022,MID,CORN,NORMAL
J0036,3,HOP1,UNLOAD,25,24,-0.11306,0.00089,0.01404,0.04,0.01011,0.0,0.0,0.00604,0,0.2022,MID,CORN,NORMAL
J0036,3,HOP2,UNLOAD,28,30,-0.00701,0.00089,0.01404,0.04,0.01011,0.0,0.0,0.0126,0,0.2022,MID,CORN,NORMAL
J0036,3,HOP3,UNLOAD,23,28,0.0841,0.00089,0.01404,0.04,0.01011,0.0,0.0,0.0433,0,0.2022,MID,CORN,NORMAL
J0036,4,WB1,WEIGH_OUT,6,6,0.04024,0.0071,-0.00672,0.015,0.00303,0.0,0.0,-0.004,0,0.2022,MID,CORN,NORMAL
J0036,4,WB2,WEIGH_OUT,7,7,-0.01104,0.0071,-0.00672,0.015,0.00303,0.0,0.0,0.06098,0,0.2022,MID,CORN,NORMAL
J0037,1,WB1,WEIGH_IN,7,7,0.04024,-0.00303,0.01407,0.02,0.00452,0.0,0.0,-0.01582,0,0.22581,MID,SORGHUM,NORMAL
J0037,1,WB2,WEIGH_IN,8,8,-0.01104,-0.00303,0.01407,0.02,0.00452,0.0,0.0,-0.00077,0,0.22581,MID,SORGHUM,NORMAL
J0037,2,LAB1,SAMPLE_CLASSIFY,9,9,-0.02028,0.01509,0.00293,0.03,0.0079,0.01,0.0,0.00236,0,0.22581,MID,SORGHUM,NORMAL
J0037,2,LAB2,SAMPLE_CLASSIFY,10,11,0.05211,0.01509,0.00293,0.03,0.0079,0.01,0.0,0.02132,0,0.22581,MID,SORGHUM,NORMAL
J0037,3,HOP2,UNLOAD,26,27,-0.00701,0.00089,0.01404,0.04,0.01129,0.015,0.0,-0.02127,0,0.22581,MID,SORGHUM,NORMAL
J0037,3,HOP3,UNLOAD,22,26,0.0841,0.00089,0.01404,0.04,0.01129,0.015,0.0,0.00483,0,0.22581,MID,SORGHUM,NORMAL
J0037,4,WB1,WEIGH_OUT,6,6,0.04024,0.0071,-0.00672,0.015,0.00339,0.0,0.0,0.01978,0,0.22581,MID,SORGHUM,NORMAL
J0037,4,WB2,WEIGH_OUT,6,6,-0.01104,0.0071,-0.00672,0.015,0.00339,0.0,0.0,0.00342,0,0.22581,MID,SORGHUM,NORMAL
J0038,1,WB1,WEIGH_IN,8,9,0.04024,-0.00303,0.01407,0.02,0.00463,0.0,0.0,0.03274,0,0.23172,MID,CORN,WET
J0038,1,WB2,WEIGH_IN,7,7,-0.01104,-0.00303,0.01407,0.02,0.00463,0.0,0.0,-0.00191,0,0.23172,MID,CORN,WET
J0038,2,LAB1,SAMPLE_CLASSIFY,12,13,-0.02028,0.01509,0.00293,0.03,0.00811,0.0,0.045,-0.00283,0,0.23172,MID,CORN,WET
J0038,2,LAB2,SAMPLE_CLASSIFY,13,15,0.05211,0.01509,0.00293,0.03,0.00811,0.0,0.045,0.00378,0,0.23172,MID,CORN,WET
J0038,3,HOP1,UNLOAD,33,33,-0.11306,0.00089,0.01404,0.04,0.01159,0.0,0.028,-0.03882,2,0.23172,MID,CORN,WET
J0038,3,HOP2,UNLOAD,37,40,-0.00701,0.00089,0.01404,0.04,0.01159,0.0,0.028,-0.00521,0,0.23172,MID,CORN,WET
J0038,3,HOP3,UNLOAD,30,39,0.0841,0.00089,0.01404,0.04,0.01159,0.0,0.028,0.09285,0,0.23172,MID,CORN,WET
J0038,4,WB1,WEIGH_OUT,6,7,0.04024,0.0071,-0.00672,0.015,0.00348,0.0,0.0,0.03066,0,0.23172,MID,CORN,WET
J0038,4,WB2,WEIGH_OUT,7,7,-0.01104,0.0071,-0.00672,0.015,0.00348,0.0,0.0,-0.00379,0,0.23172,MID,CORN,WET
J0039,1,WB1,WEIGH_IN,6,7,0.04024,-0.00303,0.01407,0.02,0.00431,0.0,0.0,0.04157,0,0.21548,MID,CORN,WET
J0039,1,WB2,WEIGH_IN,8,8,-0.01104,-0.00303,0.01407,0.02,0.00431,0.0,0.0,0.01421,0,0.21548,MID,CORN,WET
J0039,2,LAB1,SAMPLE_CLASSIFY,12,13,-0.02028,0.01509,0.00293,0.03,0.00754,0.0,0.045,0.02792,0,0.21548,MID,CORN,WET
J0039,2,LAB2,SAMPLE_CLASSIFY,14,16,0.05211,0.01509,0.00293,0.03,0.00754,0.0,0.045,-0.01343,0,0.21548,MID,CORN,WET
J0039,3,HOP1,UNLOAD,26,26,-0.11306,0.00089,0.01404,0.04,0.01077,0.0,0.028,0.02368,0,0.21548,MID,CORN,WET
J0039,3,HOP2,UNLOAD,29,30,-0.00701,0.00089,0.01404,0.04,0.01077,0.0,0.028,-0.04533,0,0.21548,MID,CORN,WET
J0039,3,HOP3,UNLOAD,24,30,0.0841,0.00089,0.01404,0.04,0.01077,0.0,0.028,-0.01302,2,0.21548,MID,CORN,WET
J0039,4,WB1,WEIGH_OUT,5,5,0.04024,0.0071,-0.00672,0.015,0.00323,0.0,0.0,0.01459,0,0.21548,MID,CORN,WET
J0039,4,WB2,WEIGH_OUT,6,6,-0.01104,0.0071,-0.00672,0.015,0.00323,0.0,0.0,0.03082,0,0.21548,MID,CORN,WET
J0040,1,WB1,WEIGH_IN,7,7,0.04024,-0.04001,0.01407,0.02,0.00056,0.0,0.0,0.02103,0,0.02804,LATE,SOY,DRY
J0040,1,WB2,WEIGH_IN,8,8,-0.01104,-0.04001,0.01407,0.02,0.00056,0.0,0.0,-0.0394,0,0.02804,LATE,SOY,DRY
J0040,2,LAB1,SAMPLE_CLASSIFY,11,12,-0.02028,0.02889,0.00293,0.03,0.00098,0.02,-0.02,0.0192,0,0.02804,LATE,SOY,DRY
J0040,2,LAB2,SAMPLE_CLASSIFY,11,12,0.05211,0.02889,0.00293,0.03,0.00098,0.02,-0.02,0.0001,0,0.02804,LATE,SOY,DRY
J0040,3,HOP1,UNLOAD,27,27,-0.11306,0.02157,0.01404,0.04,0.0014,0.01,-0.01,0.01949,0,0.02804,LATE,SOY,DRY
J0040,3,HOP3,UNLOAD,25,28,0.0841,0.02157,0.01404,0.04,0.0014,0.01,-0.01,-0.05595,0,0.02804,LATE,SOY,DRY
J0040,4,WB1,WEIGH_OUT,6,6,0.04024,-0.00738,-0.00672,0.015,0.00042,0.0,0.0,-0.01501,0,0.02804,LATE,SOY,DRY
J0040,4,WB2,WEIGH_OUT,6,6,-0.01104,-0.00738,-0.00672,0.015,0.00042,0.0,0.0,0.00602,0,0.02804,LATE,SOY,DRY
